acousticness,danceability,energy,instrumentalness,liveness,loudness,speechiness,valence,tempo,chill,upbeat,feels,acoustic
0.235,0.626,0.726,0,0.304,-5.015,0.0376,0.257,89.132,1,0,0,0
0.855,0.507,0.375,0.00981,0.11,-10.637,0.0256,0.0519,90.006,1,0,0,0
0.119,0.83,0.532,0.00114,0.112,-10.855,0.0409,0.891,120.046,1,0,0,0
0.512,0.672,0.664,0.000555,0.114,-9.656,0.0365,0.143,108.022,1,0,0,0
0.0142,0.539,0.593,0,0.0852,-7.057,0.0513,0.293,160.042,1,0,0,0
0.786,0.642,0.374,0,0.0906,-9.386,0.0545,0.0799,124.099,1,0,0,0
0.392,0.738,0.504,0.137,0.123,-10.407,0.0424,0.564,84.99,1,0,0,0
0.842,0.687,0.467,0.838,0.0873,-11.511,0.0332,0.0984,126.0,1,0,0,0
0.739,0.87,0.546,0.316,0.111,-10.645,0.0495,0.208,120.068,1,0,0,0
0.848,0.703,0.33,0.00122,0.072,-13.49,0.0508,0.413,115.009,1,0,0,0
0.929,0.637,0.209,0,0.0865,-17.192,0.091,0.446,119.929,1,0,0,0
0.11,0.683,0.572,1.54e-05,0.0895,-7.086,0.0447,0.583,100.035,1,0,0,0
0.862,0.598,0.502,0,0.096,-6.273,0.0447,0.403,121.621,1,0,0,0
0.0498,0.445,0.677,2.68e-06,0.616,-7.244,0.0489,0.269,80.907,1,0,0,0
0.256,0.66,0.581,0,0.0892,-6.056,0.0408,0.329,145.912,1,0,0,0
0.352,0.8,0.41,1.45e-06,0.107,-12.734,0.236,0.442,104.941,1,0,0,0
0.6,0.553,0.521,0.491,0.108,-8.971,0.038,0.373,172.103,1,0,0,0
0.552,0.644,0.382,0.822,0.123,-14.721,0.071,0.671,169.977,1,0,0,0
0.12,0.294,0.505,0,0.0977,-8.106,0.042,0.357,85.332,1,0,0,0
0.0686,0.674,0.774,0.00188,0.393,-7.567,0.0892,0.33,112.05,1,0,0,0
0.229,0.435,0.86,0.147,0.116,-6.374,0.154,0.39,168.523,1,0,0,0
0.627,0.652,0.204,0.041,0.112,-15.032,0.0428,0.417,126.978,1,0,0,0
0.595,0.774,0.274,0,0.133,-7.584,0.0512,0.397,119.834,1,0,0,0
0.589,0.555,0.436,0.904,0.151,-12.4,0.0257,0.299,90.002,1,0,0,0
0.22,0.824,0.783,0,0.234,-4.53,0.0507,0.788,114.028,1,0,0,0
0.522,0.608,0.388,0.118,0.11,-11.675,0.0341,0.145,138.058,1,0,0,0
0.84,0.687,0.414,8e-05,0.379,-8.441,0.0346,0.547,123.023,1,0,0,0
0.301,0.666,0.454,0.00187,0.142,-9.325,0.149,0.263,135.988,1,0,0,0
0.193,0.746,0.501,0,0.473,-7.388,0.079,0.844,95.014,1,0,0,0
0.307,0.478,0.682,0.823,0.242,-9.262,0.0323,0.442,174.035,1,0,0,0
0.604,0.459,0.575,0,0.0885,-4.858,0.0573,0.183,111.881,1,0,0,0
0.00295,0.731,0.636,0.00059,0.196,-6.845,0.0314,0.703,122.996,1,0,0,0
0.0833,0.733,0.552,7.59e-06,0.141,-7.404,0.0993,0.279,125.311,1,0,0,0
0.377,0.246,0.467,0.166,0.104,-12.964,0.0374,0.0602,157.443,1,0,0,0
0.459,0.814,0.534,4.57e-06,0.101,-7.56,0.0471,0.226,121.93,1,0,0,0
0.671,0.85,0.223,3.23e-05,0.0914,-11.46,0.0705,0.468,95.008,1,0,0,0
0.139,0.6,0.701,1.21e-06,0.12,-6.035,0.0606,0.723,163.975,1,0,0,0
0.918,0.784,0.278,0.000196,0.112,-10.745,0.041,0.741,105.034,1,0,0,0
0.227,0.764,0.396,7.54e-05,0.12,-8.566,0.159,0.475,92.006,1,0,0,0
0.838,0.466,0.253,1.33e-06,0.254,-6.265,0.0334,0.342,140.629,1,0,0,0
0.361,0.517,0.594,0.0055,0.106,-8.763,0.0414,0.221,100.043,1,0,0,0
0.866,0.464,0.473,0,0.109,-10.086,0.129,0.604,75.801,1,0,0,0
0.578,0.757,0.381,0,0.104,-7.573,0.0381,0.527,84.989,1,0,0,0
0.177,0.708,0.39,0,0.0872,-6.617,0.0371,0.367,76.985,1,0,0,0
0.816,0.753,0.41,0.00217,0.104,-10.636,0.132,0.231,93.001,1,0,0,0
0.367,0.742,0.718,0.417,0.169,-7.241,0.0429,0.0929,113.963,1,0,0,0
0.527,0.637,0.661,0,0.18,-5.217,0.05,0.694,151.148,1,0,0,0
0.734,0.777,0.716,8.3e-05,0.116,-7.342,0.256,0.829,120.052,1,0,0,0
0.561,0.568,0.7,0,0.378,-5.159,0.0378,0.377,79.991,1,0,0,0
0.882,0.559,0.38,0.0274,0.133,-12.701,0.0491,0.431,178.002,1,0,0,0
0.294,0.749,0.383,6.63e-05,0.115,-13.404,0.152,0.334,125.384,1,0,0,0
0.686,0.702,0.616,0,0.145,-4.903,0.326,0.507,80.482,1,0,0,0
0.111,0.668,0.792,0,0.134,-3.369,0.0327,0.467,139.933,1,0,0,0
0.132,0.732,0.558,0.00118,0.11,-9.411,0.0395,0.501,130.019,1,0,0,0
0.784,0.826,0.624,1.73e-06,0.112,-8.386,0.25,0.894,115.94,1,0,0,0
0.899,0.363,0.12,2.34e-05,0.162,-11.662,0.0358,0.176,71.024,1,0,0,0
0.186,0.574,0.59,0,0.493,-7.842,0.126,0.409,139.329,1,0,0,0
0.288,0.584,0.643,0,0.186,-6.415,0.0395,0.53,90.036,1,0,0,0
0.141,0.591,0.596,0,0.11,-6.38,0.0278,0.333,111.009,1,0,0,0
0.262,0.465,0.468,0,0.0639,-7.799,0.134,0.373,83.366,1,0,0,0
0.128,0.73,0.445,0.00347,0.264,-9.008,0.0382,0.291,121.936,1,0,0,0
0.65,0.409,0.446,0,0.0862,-4.836,0.0317,0.135,75.638,1,0,0,0
0.688,0.595,0.396,0.275,0.132,-16.103,0.0344,0.22,100.018,1,0,0,0
0.913,0.641,0.376,0,0.107,-7.478,0.117,0.165,143.958,1,0,0,0
0.945,0.53,0.284,0.454,0.269,-13.508,0.0355,0.122,154.58,1,0,0,0
0.318,0.727,0.637,0,0.295,-7.216,0.0418,0.799,139.963,1,0,0,0
0.785,0.682,0.531,0.000266,0.102,-9.865,0.0466,0.407,126.981,1,0,0,0
0.0789,0.807,0.539,0,0.0928,-8.193,0.124,0.755,127.992,1,0,0,0
0.585,0.663,0.376,0,0.131,-11.194,0.134,0.433,145.091,1,0,0,0
0.604,0.459,0.575,0,0.0885,-4.858,0.0573,0.183,111.881,1,0,0,0
0.732,0.705,0.381,0.616,0.106,-12.738,0.04,0.31,109.981,1,0,0,0
0.184,0.648,0.415,1.67e-05,0.111,-8.76,0.0696,0.297,77.082,1,0,0,0
0.186,0.629,0.476,0,0.517,-7.924,0.0571,0.446,78.572,1,0,0,0
0.0262,0.682,0.783,0,0.206,-4.997,0.18,0.323,106.899,1,0,0,0
0.339,0.422,0.518,0,0.101,-5.862,0.0646,0.29,77.378,1,0,0,0
0.501,0.646,0.485,0,0.121,-6.647,0.0829,0.408,148.13,1,0,0,0
0.66,0.556,0.479,0.00317,0.097,-10.191,0.0657,0.359,81.028,1,0,0,0
0.543,0.529,0.351,0,0.0851,-12.484,0.0368,0.529,147.815,1,0,0,0
0.836,0.714,0.332,0.00228,0.0693,-10.085,0.347,0.347,94.088,1,0,0,0
0.805,0.345,0.34,1.74e-05,0.125,-9.337,0.0342,0.302,136.222,1,0,0,0
0.393,0.714,0.4,0.000718,0.109,-8.264,0.0618,0.318,81.974,1,0,0,0
0.931,0.458,0.488,0.248,0.333,-11.546,0.0554,0.593,93.14,1,0,0,0
0.4,0.565,0.548,0,0.252,-8.376,0.18,0.159,104.892,1,0,0,0
0.556,0.656,0.722,0,0.134,-4.726,0.0478,0.301,90.097,1,0,0,0
0.2,0.629,0.689,1.21e-05,0.0899,-5.772,0.0341,0.399,159.981,1,0,0,0
0.953,0.413,0.21,0.00524,0.121,-13.94,0.0365,0.278,111.518,1,0,0,0
0.472,0.378,0.388,0,0.157,-9.017,0.036,0.188,72.293,1,0,0,0
0.191,0.743,0.328,0,0.377,-11.8,0.144,0.563,82.949,1,0,0,0
0.439,0.497,0.392,0,0.127,-7.948,0.0365,0.463,82.487,1,0,0,0
0.889,0.687,0.2,1.27e-06,0.122,-13.241,0.0317,0.244,134.993,1,0,0,0
0.145,0.532,0.456,0,0.178,-7.592,0.0379,0.167,175.768,1,0,0,0
0.575,0.762,0.244,0.000661,0.11,-14.089,0.0711,0.255,94.949,1,0,0,0
0.138,0.685,0.464,3.97e-05,0.111,-9.931,0.0579,0.0559,90.011,1,0,0,0
0.241,0.525,0.649,0,0.129,-4.802,0.0655,0.286,155.995,1,0,0,0
0.039,0.317,0.545,0,0.116,-6.439,0.0469,0.14,139.014,1,0,0,0
0.625,0.828,0.617,0.000212,0.137,-9.005,0.0501,0.933,105.981,1,0,0,0
0.00916,0.781,0.666,0,0.1,-5.547,0.0639,0.561,130.005,1,0,0,0
0.652,0.696,0.565,2.02e-06,0.121,-7.237,0.0605,0.599,156.11,1,0,0,0
0.344,0.58,0.586,0,0.0755,-6.883,0.0357,0.507,147.988,1,0,0,0
0.209,0.717,0.484,0.000732,0.328,-8.001,0.0264,0.651,130.988,1,0,0,0
0.562,0.488,0.311,0.000548,0.161,-11.467,0.297,0.579,184.112,1,0,0,0
0.00575,0.862,0.4,7.49e-06,0.123,-7.486,0.0736,0.596,122.963,1,0,0,0
0.0774,0.729,0.571,0.213,0.0994,-9.188,0.0869,0.582,81.486,1,0,0,0
0.695,0.585,0.48,0.007,0.0899,-8.113,0.0788,0.233,150.037,1,0,0,0
0.486,0.602,0.396,0,0.0714,-9.36,0.039,0.457,129.942,1,0,0,0
0.0428,0.703,0.668,0.000408,0.0963,-7.746,0.0289,0.659,120.005,1,0,0,0
0.17,0.53,0.538,2.83e-06,0.248,-6.672,0.0335,0.288,148.051,1,0,0,0
0.45,0.403,0.593,0.00847,0.0897,-9.073,0.127,0.56,81.234,1,0,0,0
0.936,0.612,0.107,0,0.109,-15.867,0.0302,0.637,78.393,1,0,0,0
0.754,0.372,0.355,0,0.167,-8.436,0.03,0.142,126.705,1,0,0,0
0.699,0.479,0.54,0.000766,0.17,-7.917,0.31,0.47,173.704,1,0,0,0
0.883,0.6,0.282,2.67e-06,0.163,-8.284,0.0302,0.424,100.035,1,0,0,0
0.8,0.39,0.448,0.182,0.107,-8.57,0.0276,0.077,144.89,1,0,0,0
0.0826,0.633,0.562,0.000191,0.117,-9.542,0.038,0.556,87.036,1,0,0,0
0.894,0.693,0.195,0.0325,0.126,-15.278,0.0446,0.315,116.725,1,0,0,0
0.804,0.696,0.241,0.00577,0.109,-17.231,0.0355,0.127,95.001,1,0,0,0
0.111,0.691,0.759,0,0.128,-3.37,0.0584,0.72,106.981,1,0,0,0
0.587,0.702,0.597,3.62e-06,0.112,-7.067,0.207,0.383,85.016,1,0,0,0
0.639,0.736,0.5,0.00131,0.104,-11.229,0.171,0.565,92.031,1,0,0,0
0.743,0.535,0.245,0.00338,0.298,-12.53,0.0363,0.238,130.133,1,0,0,0
0.452,0.532,0.455,0,0.237,-8.366,0.156,0.204,148.182,1,0,0,0
0.568,0.408,0.223,0.87,0.116,-12.816,0.0281,0.0746,109.135,1,0,0,0
0.855,0.407,0.292,0,0.117,-7.621,0.0773,0.0772,78.412,1,0,0,0
0.226,0.337,0.66,0,0.744,-3.644,0.0324,0.49,158.864,1,0,0,0
0.936,0.416,0.452,0.514,0.257,-11.233,0.0589,0.247,73.605,1,0,0,0
0.495,0.599,0.374,0,0.221,-8.896,0.0385,0.224,119.9,1,0,0,0
0.731,0.602,0.377,0,0.0808,-6.213,0.0446,0.518,73.877,1,0,0,0
0.0692,0.673,0.579,8.61e-05,0.186,-6.029,0.0392,0.262,96.009,1,0,0,0
0.853,0.708,0.211,0,0.131,-9.603,0.0424,0.362,72.5,1,0,0,0
0.627,0.378,0.461,0,0.386,-6.202,0.0275,0.232,75.363,1,0,0,0
0.72,0.498,0.235,0,0.144,-16.541,0.188,0.0895,118.917,1,0,0,0
0.143,0.548,0.715,2.21e-06,0.218,-6.798,0.0511,0.393,159.924,1,0,0,0
0.814,0.576,0.453,0,0.267,-4.4,0.0294,0.418,107.89,1,0,0,0
0.72,0.473,0.586,1.14e-05,0.0715,-6.31,0.031,0.344,144.363,1,0,0,0
0.539,0.57,0.291,0.00013,0.277,-11.665,0.033,0.32,138.729,1,0,0,0
0.691,0.691,0.572,6.34e-06,0.168,-7.745,0.0652,0.697,102.018,1,0,0,0
0.66,0.684,0.622,0,0.107,-6.523,0.117,0.335,142.05,1,0,0,0
0.757,0.777,0.357,7.28e-06,0.108,-6.942,0.0522,0.172,139.883,1,0,0,0
0.877,0.504,0.297,1.09e-05,0.154,-9.667,0.0277,0.299,134.738,1,0,0,0
0.583,0.58,0.34,0.00711,0.0988,-14.906,0.307,0.347,134.486,1,0,0,0
0.162,0.715,0.658,0,0.0742,-4.304,0.106,0.795,158.024,1,0,0,0
0.535,0.806,0.362,0.045,0.111,-10.381,0.0345,0.42,127.502,1,0,0,0
0.0175,0.565,0.586,0,0.204,-7.726,0.0363,0.43,147.986,1,0,0,0
0.593,0.455,0.677,0,0.0899,-7.719,0.0751,0.248,169.919,1,0,0,0
0.162,0.478,0.504,0,0.119,-6.91,0.0305,0.309,86.048,1,0,0,0
0.169,0.558,0.364,9.94e-05,0.109,-8.663,0.0502,0.252,129.17,1,0,0,0
0.486,0.707,0.304,0.656,0.0613,-10.087,0.0318,0.395,127.036,1,0,0,0
0.9,0.729,0.343,4.65e-05,0.105,-7.962,0.0397,0.528,124.979,1,0,0,0
0.778,0.298,0.38,5.62e-05,0.11,-8.426,0.0287,0.152,75.602,1,0,0,0
0.497,0.878,0.777,1.91e-05,0.139,-4.241,0.0503,0.968,123.976,1,0,0,0
0.205,0.713,0.537,0.00915,0.156,-10.578,0.0651,0.307,120.024,1,0,0,0
0.331,0.71,0.239,0.0455,0.0985,-11.908,0.0341,0.0965,74.982,1,0,0,0
0.43,0.426,0.484,0.00199,0.0888,-7.772,0.0335,0.0384,58.339,1,0,0,0
0.109,0.735,0.514,0,0.359,-5.464,0.082,0.517,77.566,1,0,0,0
0.572,0.521,0.292,2.39e-06,0.303,-11.96,0.062,0.243,61.692,1,0,0,0
0.785,0.399,0.658,1.29e-05,0.129,-7.932,0.0557,0.327,111.451,1,0,0,0
0.885,0.733,0.405,0.000132,0.116,-8.39,0.0454,0.361,95.086,1,0,0,0
0.712,0.734,0.366,0.028,0.11,-9.897,0.0326,0.25,91.093,1,0,0,0
0.811,0.514,0.664,0.09,0.348,-7.482,0.12,0.511,86.096,1,0,0,0
0.747,0.732,0.304,6.13e-05,0.143,-13.086,0.111,0.185,139.965,1,0,0,0
0.692,0.536,0.227,0.000112,0.112,-14.15,0.35,0.555,116.411,1,0,0,0
0.111,0.566,0.376,3.13e-06,0.103,-9.639,0.026,0.278,149.72,1,0,0,0
0.724,0.775,0.41,2.62e-05,0.114,-7.481,0.0464,0.298,117.165,1,0,0,0
0.455,0.691,0.46,0.113,0.346,-9.008,0.134,0.591,124.061,1,0,0,0
0.425,0.711,0.263,3.75e-06,0.114,-12.641,0.13,0.715,94.957,1,0,0,0
0.427,0.707,0.546,0.17,0.101,-9.017,0.0399,0.774,78.007,1,0,0,0
0.226,0.373,0.477,0,0.0879,-6.391,0.0819,0.531,198.522,1,0,0,0
0.443,0.688,0.53,0,0.0995,-5.507,0.0333,0.162,106.958,1,0,0,0
0.758,0.565,0.243,8.82e-06,0.285,-8.367,0.0317,0.239,81.655,1,0,0,0
0.56,0.268,0.331,0.00018,0.121,-7.2,0.0335,0.0811,81.089,1,0,0,0
0.365,0.8,0.516,0.00206,0.134,-8.076,0.127,0.443,106.122,1,0,0,0
0.143,0.623,0.598,0.000641,0.47,-11.242,0.0881,0.681,146.141,1,0,0,0
0.421,0.273,0.557,0.24,0.0885,-9.812,0.0445,0.0398,77.996,1,0,0,0
0.0969,0.688,0.716,0,0.0989,-5.702,0.0385,0.373,116.912,1,0,0,0
0.953,0.454,0.27,0.0864,0.125,-11.027,0.0302,0.118,120.0,1,0,0,0
0.0172,0.587,0.773,0.713,0.664,-8.35,0.0492,0.595,89.998,1,0,0,0
0.28,0.54,0.582,0,0.255,-6.575,0.0774,0.462,138.321,1,0,0,0
0.471,0.797,0.44,1.57e-06,0.0849,-6.587,0.0594,0.436,111.014,1,0,0,0
0.959,0.729,0.306,0.618,0.122,-14.068,0.0589,0.913,150.002,1,0,0,0
0.679,0.463,0.411,0,0.0453,-8.25,0.0414,0.163,147.3,1,0,0,0
0.303,0.249,0.342,0.0113,0.16,-10.283,0.0389,0.126,64.335,1,0,0,0
0.643,0.599,0.465,1.57e-06,0.149,-4.95,0.0314,0.0678,113.82,1,0,0,0
0.463,0.778,0.462,0.583,0.11,-12.729,0.0359,0.817,105.45,1,0,0,0
0.742,0.7,0.494,0,0.304,-4.908,0.0463,0.229,132.943,1,0,0,0
0.31,0.486,0.567,0,0.0949,-6.456,0.0379,0.154,93.68,1,0,0,0
0.359,0.831,0.419,0.00228,0.0959,-7.381,0.44,0.339,84.983,1,0,0,0
0.859,0.773,0.403,0.944,0.1,-11.617,0.0449,0.537,80.003,1,0,0,0
0.0365,0.628,0.606,0,0.275,-6.67,0.0833,0.431,144.875,1,0,0,0
0.0104,0.778,0.667,7.99e-05,0.123,-6.703,0.0592,0.542,94.99,1,0,0,0
0.634,0.721,0.277,0,0.112,-7.128,0.0365,0.309,131.935,1,0,0,0
0.614,0.527,0.555,0.574,0.33,-11.346,0.0272,0.18,143.917,1,0,0,0
0.429,0.683,0.275,4e-06,0.107,-7.707,0.0753,0.218,62.611,1,0,0,0
0.702,0.391,0.396,0.405,0.315,-8.621,0.189,0.199,99.112,1,0,0,0
0.214,0.529,0.496,0,0.212,-6.668,0.151,0.588,74.619,1,0,0,0
0.0352,0.73,0.401,0.00234,0.256,-7.062,0.0612,0.488,83.509,1,0,0,0
0.461,0.843,0.446,0,0.169,-7.888,0.0443,0.528,121.953,1,0,0,0
0.533,0.743,0.42,0.00148,0.141,-11.583,0.158,0.29,127.931,1,0,0,0
0.524,0.778,0.493,2.18e-05,0.222,-10.315,0.0483,0.738,99.999,1,0,0,0
0.274,0.654,0.47,0.249,0.103,-10.383,0.0586,0.462,77.083,1,0,0,0
0.846,0.41,0.316,0,0.124,-8.13,0.029,0.22,133.288,1,0,0,0
0.901,0.629,0.303,0.906,0.124,-14.848,0.055,0.16,160.016,1,0,0,0
0.387,0.718,0.483,0.000208,0.124,-6.596,0.0381,0.29,103.997,1,0,0,0
0.729,0.74,0.626,0.000888,0.0635,-4.116,0.277,0.493,84.967,1,0,0,0
0.227,0.693,0.516,0.066,0.123,-6.203,0.0436,0.44,88.008,1,0,0,0
0.51,0.417,0.306,0.00046,0.127,-13.652,0.198,0.236,77.374,1,0,0,0
0.537,0.613,0.581,0.000345,0.25,-8.588,0.0424,0.551,130.033,1,0,0,0
0.0283,0.517,0.65,0.694,0.0854,-9.065,0.0549,0.472,169.906,1,0,0,0
0.184,0.363,0.594,0,0.106,-7.847,0.079,0.257,94.639,1,0,0,0
0.705,0.471,0.602,5.73e-06,0.0936,-7.302,0.132,0.573,118.193,1,0,0,0
0.67,0.704,0.357,1.46e-06,0.224,-7.211,0.0643,0.25,91.07,1,0,0,0
0.13,0.756,0.449,0,0.114,-8.746,0.0344,0.399,111.011,1,0,0,0
0.661,0.76,0.375,0.000116,0.106,-10.61,0.0494,0.455,77.495,1,0,0,0
0.465,0.725,0.66,0.000292,0.0848,-7.206,0.0663,0.456,117.009,1,0,0,0
0.183,0.699,0.596,1e-06,0.263,-7.23,0.401,0.244,174.023,1,0,0,0
0.258,0.772,0.655,0.902,0.0753,-11.531,0.0437,0.621,91.995,1,0,0,0
0.209,0.66,0.449,0,0.111,-6.573,0.0442,0.237,133.984,1,0,0,0
0.00483,0.518,0.761,7.9e-05,0.0924,-7.266,0.0488,0.757,163.779,1,0,0,0
0.574,0.445,0.33,0,0.102,-8.121,0.0429,0.187,128.025,1,0,0,0
0.309,0.802,0.272,0,0.403,-10.563,0.412,0.669,68.969,1,0,0,0
0.576,0.505,0.34,0,0.21,-9.005,0.0438,0.0916,101.993,1,0,0,0
0.926,0.357,0.215,0.0464,0.0821,-12.923,0.0298,0.113,59.466,1,0,0,0
0.771,0.535,0.359,0,0.111,-9.343,0.0607,0.488,154.163,1,0,0,0
0.483,0.908,0.338,0.0348,0.0718,-16.231,0.0814,0.33,130.016,1,0,0,0
0.909,0.451,0.166,0,0.19,-11.125,0.0696,0.0901,121.123,1,0,0,0
0.748,0.563,0.382,0,0.0714,-11.138,0.0404,0.197,120.802,1,0,0,0
0.841,0.58,0.36,6.15e-06,0.129,-7.93,0.0303,0.302,99.194,1,0,0,0
0.756,0.769,0.384,0.0826,0.119,-12.68,0.0609,0.482,94.96,1,0,0,0
0.0581,0.639,0.569,0.000169,0.108,-7.236,0.0487,0.616,142.967,1,0,0,0
0.916,0.59,0.129,0.0483,0.274,-18.701,0.0396,0.121,116.914,1,0,0,0
0.32,0.431,0.446,0,0.128,-6.803,0.0398,0.271,140.076,1,0,0,0
0.275,0.461,0.578,0,0.126,-6.108,0.162,0.353,108.398,1,0,0,0
0.0444,0.668,0.685,0,0.144,-4.348,0.0696,0.475,80.991,1,0,0,0
0.868,0.708,0.186,0,0.0779,-8.953,0.0422,0.321,72.541,1,0,0,0
0.208,0.679,0.481,1.02e-05,0.284,-9.045,0.0593,0.486,80.011,1,0,0,0
0.48,0.687,0.478,6.82e-06,0.456,-7.286,0.149,0.494,137.852,1,0,0,0
0.845,0.493,0.461,0,0.115,-8.524,0.0456,0.35,51.414,1,0,0,0
0.229,0.705,0.634,0.00159,0.336,-8.375,0.136,0.572,156.097,1,0,0,0
0.758,0.711,0.592,0,0.156,-7.136,0.23,0.535,124.749,1,0,0,0
0.929,0.353,0.239,0.589,0.0681,-16.256,0.036,0.299,106.79,1,0,0,0
0.737,0.712,0.394,9.14e-05,0.108,-8.313,0.0347,0.298,97.876,1,0,0,0
0.767,0.491,0.414,0.0301,0.108,-12.693,0.059,0.1,150.026,1,0,0,0
0.113,0.548,0.654,0,0.241,-4.599,0.0313,0.317,85.023,1,0,0,0
0.719,0.432,0.448,3.07e-05,0.1,-10.431,0.0358,0.352,77.019,1,0,0,0
0.513,0.402,0.405,0.0167,0.155,-12.486,0.0713,0.072,84.873,1,0,0,0
0.4,0.892,0.375,0.289,0.112,-9.62,0.0381,0.493,132.054,1,0,0,0
0.331,0.787,0.735,4.09e-05,0.113,-4.808,0.0857,0.698,97.957,1,0,0,0
0.542,0.755,0.614,0.00879,0.0937,-9.481,0.0548,0.148,124.02,1,0,0,0
0.348,0.575,0.556,0,0.265,-5.053,0.0512,0.222,80.107,1,0,0,0
0.124,0.58,0.662,0.000139,0.138,-6.208,0.0594,0.403,108.048,1,0,0,0
0.654,0.602,0.43,0.00013,0.104,-9.484,0.0401,0.298,159.845,1,0,0,0
0.815,0.647,0.235,1.78e-05,0.233,-10.123,0.0389,0.0382,129.85,1,0,0,0
0.0687,0.614,0.647,0,0.104,-4.681,0.0524,0.368,163.862,1,0,0,0
0.226,0.559,0.401,0.71,0.104,-12.436,0.0327,0.317,151.45,1,0,0,0
0.574,0.844,0.429,0,0.0949,-9.308,0.0448,0.764,119.989,1,0,0,0
0.787,0.542,0.272,0.0809,0.191,-10.918,0.0403,0.366,79.488,1,0,0,0
0.772,0.533,0.5,0,0.112,-8.273,0.0481,0.14,99.77,1,0,0,0
0.105,0.733,0.528,0.000558,0.0966,-6.368,0.032,0.623,104.003,1,0,0,0
0.672,0.652,0.543,2.07e-06,0.112,-6.503,0.0264,0.262,99.041,1,0,0,0
0.427,0.693,0.393,0,0.15,-6.945,0.036,0.529,89.89,1,0,0,0
0.317,0.811,0.553,0,0.105,-6.644,0.0552,0.86,148.014,1,0,0,0
0.0934,0.694,0.466,0,0.098,-6.758,0.0384,0.246,103.018,1,0,0,0
0.112,0.817,0.306,0.163,0.158,-11.959,0.0535,0.402,91.014,1,0,0,0
0.706,0.368,0.209,0.00575,0.125,-13.463,0.0377,0.173,79.496,1,0,0,0
0.371,0.776,0.297,0.0655,0.101,-17.845,0.0378,0.296,113.991,1,0,0,0
0.68,0.529,0.426,0.000313,0.0935,-7.928,0.0587,0.182,169.873,1,0,0,0
0.201,0.746,0.529,9.65e-06,0.127,-6.378,0.0338,0.719,104.023,1,0,0,0
0.0506,0.906,0.606,0.00864,0.0802,-8.855,0.0363,0.738,116.007,1,0,0,0
0.558,0.547,0.791,0,0.354,-3.906,0.127,0.595,84.222,1,0,0,0
0.515,0.553,0.545,9.79e-06,0.117,-6.277,0.0669,0.297,74.958,1,0,0,0
0.86,0.42,0.303,0.000329,0.0778,-9.008,0.0364,0.277,137.118,1,0,0,0
0.171,0.958,0.376,0,0.127,-7.063,0.0523,0.331,107.964,1,0,0,0
0.746,0.756,0.477,1.09e-06,0.115,-9.51,0.101,0.459,98.007,1,0,0,0
0.481,0.714,0.42,0.000788,0.114,-9.036,0.0523,0.523,84.037,1,0,0,0
0.621,0.693,0.41,0,0.101,-6.183,0.0428,0.281,144.969,1,0,0,0
0.545,0.828,0.412,2.58e-05,0.229,-9.921,0.0427,0.139,99.988,1,0,0,0
0.7,0.589,0.462,0.0274,0.0993,-10.725,0.0554,0.259,75.051,1,0,0,0
0.134,0.75,0.598,0.0214,0.123,-8.596,0.108,0.345,102.019,1,0,0,0
0.102,0.599,0.564,0,0.912,-9.042,0.0804,0.112,95.023,1,0,0,0
0.181,0.468,0.429,0,0.102,-7.585,0.0375,0.174,67.334,1,0,0,0
0.811,0.492,0.378,0,0.136,-7.117,0.0304,0.497,110.907,1,0,0,0
0.506,0.365,0.614,0,0.164,-7.1,0.0831,0.495,96.799,1,0,0,0
0.61,0.673,0.679,0.00086,0.112,-7.529,0.0341,0.587,141.986,1,0,0,0
0.0996,0.758,0.562,0,0.0996,-6.302,0.0771,0.581,142.035,1,0,0,0
0.236,0.418,0.438,0.0449,0.287,-8.637,0.0284,0.229,119.822,1,0,0,0
0.0754,0.501,0.447,0,0.326,-8.144,0.073,0.3,89.625,1,0,0,0
0.318,0.52,0.56,0.00679,0.139,-9.298,0.0251,0.297,90.548,1,0,0,0
0.687,0.569,0.339,2.52e-05,0.24,-8.661,0.0289,0.121,124.818,1,0,0,0
0.752,0.22,0.242,0.0185,0.0761,-11.659,0.0294,0.0493,60.532,1,0,0,0
0.0362,0.537,0.612,0,0.0926,-4.777,0.051,0.308,92.178,1,0,0,0
0.884,0.629,0.306,0.0776,0.124,-11.735,0.0424,0.191,76.994,1,0,0,0
0.88,0.595,0.305,1.29e-06,0.119,-10.534,0.0336,0.427,147.863,1,0,0,0
0.618,0.583,0.439,0,0.102,-5.385,0.0439,0.583,152.011,1,0,0,0
0.0131,0.749,0.535,3.65e-05,0.0982,-6.785,0.0336,0.601,123.042,1,0,0,0
0.0562,0.763,0.527,0.00384,0.0918,-6.779,0.123,0.493,156.047,1,0,0,0
0.874,0.814,0.31,1.46e-06,0.0921,-12.44,0.126,0.634,93.026,1,0,0,0
0.803,0.395,0.337,0.000946,0.123,-10.396,0.059,0.555,59.656,1,0,0,0
0.144,0.702,0.508,0,0.108,-7.105,0.035,0.143,82.008,1,0,0,0
0.407,0.782,0.558,7.13e-06,0.223,-6.361,0.246,0.529,141.287,1,0,0,0
0.974,0.525,0.145,0.758,0.132,-17.419,0.0316,0.116,114.903,1,0,0,0
0.277,0.286,0.423,0.174,0.353,-10.239,0.12,0.17,74.337,1,0,0,0
0.634,0.439,0.364,0.000123,0.102,-6.997,0.0375,0.19,108.332,1,0,0,0
0.884,0.389,0.398,3.62e-05,0.0776,-11.687,0.0726,0.464,117.078,1,0,0,0
0.342,0.662,0.36,0.013,0.117,-11.924,0.0303,0.271,125.848,1,0,0,0
0.584,0.357,0.425,0,0.322,-7.301,0.0333,0.27,102.078,1,0,0,0
0.888,0.696,0.338,2.85e-05,0.182,-8.611,0.037,0.204,115.007,1,0,0,0
0.935,0.879,0.315,0.144,0.11,-13.052,0.175,0.246,131.998,1,0,0,0
0.144,0.666,0.628,0,0.189,-5.613,0.0623,0.767,82.992,1,0,0,0
0.365,0.764,0.526,0,0.109,-5.402,0.0679,0.346,97.949,1,0,0,0
0.87,0.567,0.395,0,0.106,-5.568,0.0303,0.329,119.849,1,0,0,0
0.322,0.71,0.72,2.49e-06,0.0936,-7.554,0.0409,0.429,132.99,1,0,0,0
0.221,0.7,0.722,0,0.272,-3.558,0.0369,0.756,90.989,1,0,0,0
0.0841,0.672,0.423,0.00332,0.0528,-9.511,0.0672,0.653,81.952,1,0,0,0
0.272,0.665,0.488,0.000261,0.181,-7.177,0.0981,0.477,142.087,1,0,0,0
0.586,0.577,0.393,0.000181,0.0927,-7.322,0.038,0.132,89.858,1,0,0,0
0.894,0.322,0.127,5.99e-05,0.143,-14.197,0.0352,0.119,144.2,1,0,0,0
0.671,0.565,0.349,0,0.136,-6.068,0.043,0.175,116.176,1,0,0,0
0.391,0.53,0.566,0.00225,0.196,-9.027,0.197,0.543,180.007,1,0,0,0
0.264,0.539,0.481,0.0185,0.346,-12.12,0.0284,0.319,89.999,1,0,0,0
0.552,0.537,0.351,8.78e-05,0.102,-9.735,0.0346,0.234,144.0,1,0,0,0
0.376,0.717,0.52,0.16,0.0872,-7.941,0.118,0.81,168.003,1,0,0,0
0.107,0.748,0.581,0.0562,0.297,-6.454,0.0332,0.745,124.014,1,0,0,0
0.799,0.46,0.396,1.81e-05,0.11,-12.204,0.0837,0.568,124.272,1,0,0,0
0.835,0.604,0.448,1.48e-05,0.106,-7.648,0.036,0.341,144.059,1,0,0,0
0.878,0.425,0.29,0,0.248,-8.369,0.0348,0.253,135.005,1,0,0,0
0.626,0.565,0.44,0.000205,0.0893,-10.009,0.051,0.229,119.728,1,0,0,0
0.708,0.646,0.351,5.06e-05,0.112,-10.572,0.0313,0.436,116.953,1,0,0,0
0.0237,0.676,0.771,7e-06,0.102,-3.675,0.0483,0.569,99.048,1,0,0,0
0.678,0.584,0.465,0,0.106,-4.88,0.0262,0.299,95.969,1,0,0,0
0.411,0.574,0.593,1.55e-06,0.0966,-5.731,0.0463,0.355,128.073,1,0,0,0
0.767,0.737,0.255,1.13e-05,0.0998,-12.293,0.0605,0.164,130.017,1,0,0,0
0.664,0.65,0.379,0.701,0.132,-14.714,0.0383,0.13,88.02,1,0,0,0
0.416,0.291,0.423,0.0531,0.14,-13.026,0.103,0.31,176.32,1,0,0,0
0.932,0.566,0.153,2.59e-06,0.0946,-14.133,0.0399,0.399,90.493,1,0,0,0
0.179,0.654,0.731,3.48e-05,0.1,-6.559,0.0255,0.761,117.955,1,0,0,0
0.213,0.682,0.503,0,0.0944,-5.934,0.0417,0.382,113.987,1,0,0,0
0.72,0.62,0.297,0,0.0709,-10.292,0.0327,0.252,132.05,1,0,0,0
0.112,0.637,0.348,2.86e-06,0.362,-10.394,0.119,0.266,149.653,1,0,0,0
0.794,0.593,0.229,0,0.167,-8.888,0.0307,0.42,117.823,1,0,0,0
0.813,0.399,0.459,0,0.11,-6.359,0.0938,0.375,82.528,1,0,0,0
0.223,0.597,0.45,0,0.382,-6.658,0.0418,0.537,178.765,1,0,0,0
0.18,0.811,0.358,0.135,0.151,-9.529,0.049,0.362,124.97,1,0,0,0
0.886,0.438,0.309,1.78e-06,0.21,-9.022,0.0565,0.314,137.705,1,0,0,0
0.126,0.71,0.596,0.126,0.138,-7.454,0.0328,0.593,145.91,1,0,0,0
0.153,0.654,0.63,0,0.111,-4.644,0.0259,0.43,89.991,1,0,0,0
0.639,0.714,0.434,0.0177,0.248,-10.563,0.156,0.323,84.963,1,0,0,0
0.363,0.621,0.347,3.2e-05,0.579,-8.175,0.0321,0.0967,104.993,1,0,0,0
0.689,0.469,0.425,0.000324,0.0697,-6.879,0.037,0.156,191.536,1,0,0,0
0.159,0.476,0.652,0,0.0967,-4.748,0.0353,0.115,111.917,1,0,0,0
0.537,0.613,0.581,0.000345,0.25,-8.588,0.0424,0.551,130.033,1,0,0,0
0.0335,0.702,0.676,0,0.102,-6.679,0.0526,0.65,103.057,1,0,0,0
0.458,0.774,0.466,0,0.111,-6.869,0.0433,0.396,97.975,1,0,0,0
0.56,0.619,0.459,0,0.137,-5.782,0.0334,0.498,126.803,1,0,0,0
0.728,0.576,0.458,0.000207,0.137,-11.32,0.0536,0.356,119.974,1,0,0,0
0.809,0.729,0.4,7.1e-06,0.0747,-11.654,0.395,0.197,79.936,1,0,0,0
0.934,0.386,0.113,0.015,0.0905,-18.732,0.0548,0.12,67.433,1,0,0,0
0.264,0.558,0.697,4e-06,0.203,-5.157,0.0552,0.52,176.888,1,0,0,0
0.843,0.195,0.278,0.00731,0.0961,-11.329,0.0321,0.0627,136.996,1,0,0,0
0.795,0.444,0.309,0.132,0.352,-10.956,0.062,0.0875,104.745,1,0,0,0
0.373,0.792,0.616,0.000409,0.0831,-7.031,0.0361,0.222,109.028,1,0,0,0
0.67,0.47,0.436,0.263,0.294,-10.228,0.0351,0.0389,81.972,1,0,0,0
0.84,0.379,0.249,0,0.107,-9.53,0.0761,0.264,83.258,1,0,0,0
0.218,0.758,0.594,5.32e-06,0.0798,-9.63,0.426,0.869,91.864,1,0,0,0
0.288,0.72,0.511,1.25e-06,0.126,-6.473,0.201,0.288,151.865,1,0,0,0
0.305,0.836,0.304,0,0.0979,-7.948,0.0666,0.688,94.037,1,0,0,0
0.034,0.712,0.646,0.000255,0.106,-8.084,0.039,0.277,114.006,1,0,0,0
0.813,0.635,0.274,0,0.162,-13.53,0.033,0.316,93.025,1,0,0,0
0.754,0.709,0.456,0.0636,0.668,-13.127,0.249,0.54,104.94,1,0,0,0
0.0857,0.749,0.774,1.14e-05,0.11,-6.221,0.12,0.35,99.019,1,0,0,0
0.518,0.577,0.661,0,0.076,-4.962,0.134,0.737,79.009,1,0,0,0
0.338,0.784,0.531,2.26e-05,0.0996,-7.756,0.041,0.188,87.982,1,0,0,0
0.051,0.626,0.55,0,0.118,-5.105,0.029,0.123,133.976,1,0,0,0
0.754,0.536,0.297,4.8e-06,0.136,-7.609,0.0293,0.179,113.773,1,0,0,0
0.283,0.627,0.46,0,0.141,-7.396,0.0742,0.663,87.767,1,0,0,0
0.108,0.763,0.537,0.0015,0.667,-8.371,0.146,0.489,104.02,1,0,0,0
0.874,0.679,0.177,0.922,0.111,-12.714,0.0409,0.24,127.995,1,0,0,0
0.353,0.679,0.541,0.138,0.0882,-7.301,0.0663,0.478,145.007,1,0,0,0
0.237,0.565,0.473,0,0.0843,-6.426,0.091,0.688,149.98,1,0,0,0
0.839,0.567,0.267,1.46e-06,0.089,-6.502,0.0299,0.0592,110.011,1,0,0,0
0.524,0.326,0.31,0,0.122,-12.529,0.087,0.2,67.593,1,0,0,0
0.331,0.575,0.745,0.529,0.0924,-6.9,0.133,0.227,175.968,1,0,0,0
0.649,0.698,0.367,0,0.119,-5.811,0.0329,0.246,104.853,1,0,0,0
0.106,0.605,0.762,0,0.0953,-5.717,0.0511,0.828,161.939,1,0,0,0
0.359,0.796,0.428,1.55e-05,0.086,-10.514,0.666,0.429,78.902,1,0,0,0
0.116,0.646,0.654,0.897,0.308,-8.473,0.0323,0.845,145.003,1,0,0,0
0.8,0.499,0.326,0.000161,0.172,-10.291,0.0275,0.359,77.446,1,0,0,0
0.654,0.691,0.283,0.00076,0.0853,-12.053,0.527,0.292,157.859,1,0,0,0
0.87,0.4,0.183,0.0834,0.101,-14.458,0.0349,0.0634,120.064,1,0,0,0
0.736,0.662,0.626,0,0.27,-8.3,0.221,0.321,121.828,1,0,0,0
0.214,0.692,0.443,0,0.06,-5.671,0.0386,0.363,127.899,1,0,0,0
0.504,0.778,0.335,1.67e-05,0.4,-13.494,0.0464,0.443,99.983,1,0,0,0
0.744,0.737,0.289,0.000303,0.118,-10.252,0.049,0.298,108.002,1,0,0,0
0.00483,0.615,0.689,0,0.177,-5.332,0.0658,0.783,162.919,1,0,0,0
0.365,0.439,0.469,0.812,0.113,-10.949,0.0244,0.276,90.985,1,0,0,0
0.778,0.298,0.38,5.62e-05,0.11,-8.426,0.0287,0.152,75.602,1,0,0,0
0.384,0.594,0.409,0,0.123,-6.386,0.0394,0.189,99.914,1,0,0,0
0.476,0.584,0.48,9.54e-06,0.0823,-8.531,0.033,0.18,117.881,1,0,0,0
0.869,0.598,0.357,0.0957,0.27,-12.104,0.0492,0.168,75.017,1,0,0,0
0.65,0.723,0.472,0.000225,0.0923,-8.394,0.0305,0.359,108.986,1,0,0,0
0.105,0.675,0.414,0,0.192,-6.508,0.0569,0.439,128.927,1,0,0,0
0.85,0.332,0.134,0.0126,0.109,-15.857,0.0393,0.146,87.145,1,0,0,0
0.124,0.709,0.466,0,0.133,-7.305,0.0382,0.22,110.021,1,0,0,0
0.222,0.684,0.438,0,0.262,-8.309,0.0388,0.253,123.997,1,0,0,0
0.153,0.477,0.682,0,0.0763,-4.931,0.0925,0.345,110.567,1,0,0,0
0.844,0.543,0.481,1.89e-06,0.273,-8.01,0.0652,0.465,83.848,1,0,0,0
0.63,0.605,0.365,6.83e-06,0.0554,-11.144,0.111,0.224,84.628,1,0,0,0
0.26,0.736,0.414,2.12e-05,0.102,-7.934,0.0514,0.475,72.487,1,0,0,0
0.917,0.637,0.226,0.000383,0.105,-16.126,0.0356,0.287,130.048,1,0,0,0
0.307,0.639,0.46,3.84e-05,0.411,-11.175,0.0479,0.286,88.026,1,0,0,0
0.888,0.672,0.129,6.03e-05,0.0891,-12.984,0.0336,0.17,114.935,1,0,0,0
0.00776,0.63,0.633,0,0.0541,-7.088,0.0457,0.452,93.995,1,0,0,0
0.864,0.819,0.271,0,0.125,-8.655,0.0637,0.63,108.837,1,0,0,0
0.321,0.649,0.422,0.00136,0.0791,-6.746,0.0396,0.659,78.955,1,0,0,0
0.0863,0.801,0.589,0,0.162,-5.157,0.0485,0.58,116.934,1,0,0,0
0.0561,0.587,0.648,0,0.115,-6.927,0.0439,0.281,144.028,1,0,0,0
0.887,0.605,0.425,0.46,0.0938,-11.586,0.0373,0.376,139.981,1,0,0,0
0.784,0.653,0.644,0.000205,0.166,-6.204,0.0572,0.363,88.976,1,0,0,0
0.672,0.705,0.782,0.00496,0.138,-6.284,0.0377,0.963,90.997,1,0,0,0
0.67,0.37,0.435,0.00019,0.137,-11.551,0.0467,0.137,124.151,1,0,0,0
0.15,0.704,0.513,0.000119,0.256,-6.608,0.0357,0.509,106.988,1,0,0,0
0.815,0.601,0.499,0.712,0.109,-11.131,0.0343,0.531,96.981,1,0,0,0
0.718,0.852,0.344,0.00136,0.0487,-11.13,0.223,0.354,74.987,1,0,0,0
0.296,0.682,0.472,0.599,0.152,-6.055,0.0299,0.423,74.003,1,0,0,0
0.00648,0.5,0.635,0.00508,0.126,-7.53,0.0253,0.276,94.0,1,0,0,0
0.41,0.502,0.513,0.0446,0.118,-11.95,0.0586,0.102,100.148,1,0,0,0
0.791,0.706,0.349,0,0.108,-8.125,0.0302,0.624,94.058,1,0,0,0
0.263,0.452,0.539,2.2e-05,0.108,-7.327,0.0423,0.326,184.373,1,0,0,0
0.303,0.377,0.58,0.0279,0.0646,-11.263,0.0426,0.0928,159.72,1,0,0,0
0.188,0.791,0.47,0.284,0.116,-10.157,0.0367,0.689,110.259,1,0,0,0
0.516,0.756,0.673,0,0.109,-6.336,0.0899,0.402,125.055,1,0,0,0
0.569,0.691,0.474,0.000626,0.099,-8.742,0.0583,0.381,143.783,1,0,0,0
0.104,0.612,0.539,0,0.18,-5.071,0.0488,0.294,79.948,1,0,0,0
0.557,0.58,0.522,0.000428,0.0988,-8.615,0.0266,0.422,132.313,1,0,0,0
0.0469,0.727,0.626,2.58e-05,0.126,-8.415,0.0726,0.322,86.97,1,0,0,0
0.125,0.661,0.772,0.00015,0.119,-5.054,0.0362,0.186,146.002,1,0,0,0
0.0237,0.386,0.714,0,0.0904,-6.529,0.0799,0.116,105.733,1,0,0,0
0.507,0.791,0.7,0.825,0.685,-9.286,0.0559,0.47,123.021,1,0,0,0
0.587,0.474,0.41,3.97e-06,0.114,-9.373,0.0644,0.37,125.085,1,0,0,0
0.604,0.802,0.413,0.000193,0.111,-10.111,0.0858,0.276,117.907,1,0,0,0
0.832,0.483,0.361,4.66e-06,0.098,-7.889,0.0738,0.307,171.649,1,0,0,0
0.628,0.539,0.431,0.653,0.11,-9.298,0.0249,0.122,105.156,1,0,0,0
0.883,0.253,0.352,0.00191,0.0668,-11.509,0.0357,0.099,141.97,1,0,0,0
0.433,0.448,0.603,0,0.0862,-7.176,0.064,0.422,205.272,1,0,0,0
0.309,0.819,0.316,0.00086,0.134,-11.658,0.0762,0.623,80.003,1,0,0,0
0.947,0.366,0.23,2.63e-05,0.342,-9.22,0.0317,0.214,82.988,1,0,0,0
0.71,0.448,0.364,6.59e-05,0.0914,-6.89,0.0299,0.304,159.963,1,0,0,0
0.12,0.292,0.574,0.00569,0.0663,-9.375,0.0401,0.166,124.344,1,0,0,0
0.844,0.691,0.108,6.52e-06,0.089,-14.126,0.0415,0.14,55.573,1,0,0,0
0.464,0.619,0.453,0,0.149,-7.697,0.0264,0.217,96.021,1,0,0,0
0.00103,0.665,0.712,0.00342,0.102,-7.536,0.0527,0.669,93.989,1,0,0,0
0.399,0.635,0.448,9.58e-06,0.113,-10.782,0.089,0.386,159.812,1,0,0,0
0.895,0.564,0.379,0.257,0.0874,-7.732,0.0391,0.564,104.912,1,0,0,0
0.409,0.891,0.416,0.00933,0.197,-7.179,0.0644,0.484,122.087,1,0,0,0
0.909,0.151,0.244,0.948,0.105,-16.815,0.0302,0.0519,78.508,1,0,0,0
0.306,0.556,0.589,0,0.147,-6.209,0.0431,0.264,180.942,1,0,0,0
0.837,0.764,0.32,0,0.0822,-7.209,0.0546,0.575,91.019,1,0,0,0
0.45,0.741,0.52,1.97e-06,0.222,-7.513,0.0656,0.347,102.998,0,1,0,0
0.305,0.863,0.631,3.04e-05,0.123,-4.689,0.0534,0.817,128.977,0,1,0,0
0.235,0.626,0.726,0,0.304,-5.015,0.0376,0.257,89.132,0,1,0,0
0.0587,0.526,0.818,0,0.333,-5.952,0.0358,0.896,171.96,0,1,0,0
0.0032,0.616,0.768,0,0.427,-6.714,0.0781,0.322,122.91,0,1,0,0
0.556,0.76,0.479,0,0.0703,-5.574,0.0466,0.913,89.911,0,1,0,0
0.0837,0.639,0.546,0,0.122,-5.382,0.0407,0.149,122.179,0,1,0,0
0.054,0.862,0.856,6.8e-05,0.187,-4.862,0.147,0.782,114.002,0,1,0,0
0.342,0.582,0.681,0,0.186,-6.138,0.0458,0.273,95.995,0,1,0,0
0.143,0.591,0.585,0,0.109,-6.35,0.0277,0.324,110.94,0,1,0,0
0.459,0.92,0.647,0.00855,0.0766,-8.553,0.119,0.259,105.011,0,1,0,0
0.174,0.652,0.7,0,0.191,-6.854,0.103,0.744,160.055,0,1,0,0
0.706,0.394,0.718,0,0.116,-6.336,0.0607,0.247,151.912,0,1,0,0
0.0046,0.672,0.752,0.00047,0.056,-4.866,0.0843,0.429,116.945,0,1,0,0
0.0623,0.791,0.565,0,0.156,-3.933,0.0439,0.181,99.961,0,1,0,0
0.00417,0.768,0.589,2.67e-05,0.136,-8.991,0.0403,0.757,97.979,0,1,0,0
0.364,0.86,0.566,0.0428,0.0863,-6.26,0.0724,0.663,132.029,0,1,0,0
0.0271,0.719,0.707,0.00865,0.148,-8.217,0.266,0.071,197.942,0,1,0,0
0.617,0.676,0.525,0,0.356,-5.88,0.028,0.421,112.011,0,1,0,0
0.02,0.315,0.689,0,0.148,-4.751,0.125,0.266,78.057,0,1,0,0
0.607,0.397,0.524,0,0.157,-5.846,0.103,0.343,175.562,0,1,0,0
0.237,0.67,0.743,0,0.465,-4.993,0.0393,0.571,125.944,0,1,0,0
0.28,0.734,0.663,0,0.12,-7.292,0.185,0.256,101.943,0,1,0,0
0.793,0.416,0.628,0,0.0774,-6.052,0.176,0.404,78.101,0,1,0,0
0.108,0.795,0.496,0,0.0645,-5.883,0.0722,0.874,94.01,0,1,0,0
0.0478,0.756,0.572,0,0.0853,-7.019,0.0763,0.417,102.986,0,1,0,0
0.123,0.703,0.748,0,0.0642,-6.047,0.0435,0.625,111.943,0,1,0,0
0.602,0.612,0.619,0,0.0866,-5.702,0.0437,0.469,99.71,0,1,0,0
0.0393,0.659,0.717,0,0.0769,-4.202,0.0581,0.71,103.036,0,1,0,0
0.0686,0.674,0.774,0.00188,0.393,-7.567,0.0892,0.33,112.05,0,1,0,0
0.29,0.652,0.898,0,0.073,-4.481,0.0361,0.472,114.043,0,1,0,0
0.0796,0.636,0.63,0,0.13,-6.396,0.0346,0.454,104.845,0,1,0,0
0.691,0.936,0.353,2.73e-05,0.133,-12.17,0.0458,0.863,124.964,0,1,0,0
0.219,0.873,0.651,0,0.27,-5.937,0.0759,0.675,113.001,0,1,0,0
0.0372,0.697,0.683,0,0.137,-2.881,0.117,0.603,96.133,0,1,0,0
0.032,0.584,0.599,0,0.0481,-4.243,0.0342,0.634,112.048,0,1,0,0
0.00775,0.638,0.688,0,0.126,-4.056,0.0407,0.434,129.856,0,1,0,0
0.09,0.71,0.618,3.93e-05,0.141,-8.865,0.0598,0.797,94.995,0,1,0,0
0.0771,0.59,0.642,0,0.105,-3.87,0.122,0.651,107.356,0,1,0,0
0.0332,0.789,0.711,0,0.0876,-4.248,0.041,0.753,112.985,0,1,0,0
0.301,0.473,0.587,0,0.104,-6.155,0.0383,0.246,169.935,0,1,0,0
0.197,0.524,0.806,0,0.101,-3.447,0.406,0.45,115.172,0,1,0,0
0.12,0.616,0.854,0,0.322,-4.749,0.368,0.801,113.982,0,1,0,0
0.398,0.704,0.802,0,0.0831,-5.382,0.17,0.884,90.543,0,1,0,0
0.321,0.479,0.402,4.11e-05,0.116,-9.573,0.0311,0.153,134.035,0,1,0,0
0.00838,0.768,0.678,0,0.0596,-5.604,0.0505,0.706,85.025,0,1,0,0
0.229,0.648,0.727,0,0.17,-3.791,0.142,0.689,160.024,0,1,0,0
0.0522,0.621,0.601,0,0.46,-5.616,0.148,0.457,116.735,0,1,0,0
0.117,0.827,0.524,2.61e-06,0.0814,-7.18,0.0445,0.584,105.964,0,1,0,0
0.554,0.569,0.536,0,0.0655,-6.137,0.0819,0.656,173.695,0,1,0,0
0.501,0.432,0.85,6.59e-06,0.203,-4.417,0.0771,0.109,82.607,0,1,0,0
0.223,0.789,0.72,0,0.129,-5.652,0.218,0.664,122.031,0,1,0,0
0.286,0.784,0.845,1.59e-05,0.074,-2.793,0.0596,0.888,105.981,0,1,0,0
0.168,0.734,0.874,1.14e-05,0.0489,-3.158,0.0662,0.905,122.953,0,1,0,0
0.00498,0.669,0.748,0,0.17,-3.218,0.106,0.373,87.012,0,1,0,0
0.036,0.557,0.585,0,0.176,-6.201,0.0431,0.305,63.392,0,1,0,0
0.0615,0.647,0.853,0,0.062,-4.516,0.0904,0.618,103.846,0,1,0,0
0.0133,0.708,0.758,1.04e-05,0.418,-4.453,0.0367,0.272,101.017,0,1,0,0
0.427,0.456,0.496,0,0.134,-6.986,0.0743,0.45,90.552,0,1,0,0
0.214,0.555,0.792,0.114,0.117,-5.715,0.0556,0.565,124.047,0,1,0,0
0.443,0.849,0.483,0.000141,0.0786,-7.114,0.291,0.282,101.015,0,1,0,0
0.0262,0.682,0.783,0,0.206,-4.997,0.18,0.323,106.899,0,1,0,0
0.0747,0.644,0.645,2.96e-05,0.109,-6.459,0.0336,0.485,89.979,0,1,0,0
0.121,0.531,0.675,0,0.327,-3.281,0.33,0.799,177.953,0,1,0,0
0.0938,0.675,0.849,0,0.121,-3.841,0.0675,0.681,100.111,0,1,0,0
0.0179,0.73,0.558,0,0.128,-6.535,0.0786,0.618,100.066,0,1,0,0
0.0549,0.564,0.714,0,0.155,-4.987,0.129,0.33,175.924,0,1,0,0
0.556,0.656,0.722,0,0.134,-4.726,0.0478,0.301,90.097,0,1,0,0
0.329,0.906,0.604,0,0.255,-8.332,0.0746,0.899,99.996,0,1,0,0
0.0912,0.798,0.675,0,0.0894,-5.041,0.0442,0.842,101.956,0,1,0,0
0.037,0.759,0.54,0,0.0945,-6.039,0.0287,0.75,116.947,0,1,0,0
0.00321,0.638,0.951,0.000126,0.0629,-2.985,0.109,0.487,121.049,0,1,0,0
0.171,0.753,0.657,0,0.112,-3.061,0.0449,0.437,107.01,0,1,0,0
0.241,0.525,0.649,0,0.129,-4.802,0.0655,0.286,155.995,0,1,0,0
0.131,0.693,0.835,0,0.073,-3.242,0.0623,0.743,128.057,0,1,0,0
0.00968,0.513,0.788,0,0.11,-4.629,0.0364,0.234,139.987,0,1,0,0
0.183,0.694,0.417,0,0.125,-6.853,0.0368,0.359,79.995,0,1,0,0
0.652,0.696,0.565,2.02e-06,0.121,-7.237,0.0605,0.599,156.11,0,1,0,0
0.344,0.58,0.586,0,0.0755,-6.883,0.0357,0.507,147.988,0,1,0,0
0.105,0.639,0.685,0,0.143,-4.571,0.049,0.363,110.041,0,1,0,0
0.228,0.729,0.525,4.36e-05,0.309,-7.241,0.0995,0.782,110.012,0,1,0,0
0.33,0.885,0.685,0,0.148,-6.429,0.0627,0.937,99.954,0,1,0,0
0.155,0.756,0.54,0,0.0551,-5.456,0.125,0.642,108.274,0,1,0,0
0.0125,0.794,0.793,0,0.0952,-4.521,0.0842,0.677,123.941,0,1,0,0
0.0668,0.693,0.604,0,0.114,-5.279,0.0427,0.651,75.014,0,1,0,0
0.278,0.783,0.537,0,0.229,-2.921,0.0749,0.392,113.977,0,1,0,0
0.195,0.689,0.679,0.00111,0.224,-5.893,0.0517,0.475,149.972,0,1,0,0
0.0948,0.921,0.438,0.00271,0.37,-8.771,0.0442,0.596,98.972,0,1,0,0
0.288,0.662,0.657,0.856,0.102,-10.002,0.0345,0.0584,117.986,0,1,0,0
0.0273,0.711,0.778,1.77e-06,0.103,-6.346,0.0897,0.827,160.018,0,1,0,0
0.165,0.363,0.545,0,0.0842,-8.474,0.105,0.335,103.765,0,1,0,0
0.203,0.846,0.631,0,0.455,-5.547,0.1,0.602,115.999,0,1,0,0
0.0285,0.573,0.739,0,0.111,-5.74,0.129,0.451,97.085,0,1,0,0
0.124,0.64,0.648,0,0.0802,-8.113,0.187,0.548,92.977,0,1,0,0
0.0714,0.646,0.761,0,0.222,-2.557,0.0385,0.472,129.916,0,1,0,0
0.303,0.726,0.708,0,0.348,-6.908,0.356,0.417,105.084,0,1,0,0
0.357,0.574,0.612,0,0.158,-4.741,0.0781,0.368,136.046,0,1,0,0
0.267,0.769,0.666,0.0205,0.333,-4.859,0.193,0.285,103.777,0,1,0,0
0.0264,0.73,0.792,0,0.101,-5.33,0.13,0.745,99.039,0,1,0,0
0.00366,0.778,0.857,0.661,0.116,-7.037,0.0576,0.439,120.003,0,1,0,0
0.149,0.781,0.668,4.67e-06,0.152,-8.36,0.0645,0.754,103.024,0,1,0,0
0.0406,0.621,0.873,9.1e-06,0.0824,-3.067,0.0369,0.873,97.96,0,1,0,0
0.0384,0.72,0.791,0,0.157,-4.689,0.124,0.756,102.071,0,1,0,0
0.423,0.61,0.714,0.00128,0.126,-8.518,0.0475,0.454,157.964,0,1,0,0
0.0469,0.72,0.913,0.000314,0.175,-2.665,0.0382,0.603,103.021,0,1,0,0
0.267,0.81,0.788,0.000172,0.196,-3.663,0.0447,0.845,135.991,0,1,0,0
0.0558,0.575,0.571,0,0.0912,-7.906,0.0439,0.449,105.049,0,1,0,0
0.293,0.652,0.897,0,0.0722,-4.481,0.036,0.475,114.033,0,1,0,0
0.22,0.625,0.707,0,0.213,-4.761,0.0337,0.479,138.064,0,1,0,0
0.233,0.704,0.758,0.00144,0.0924,-3.537,0.0402,0.534,120.003,0,1,0,0
0.162,0.715,0.658,0,0.0742,-4.304,0.106,0.795,158.024,0,1,0,0
0.0698,0.742,0.678,0,0.151,-4.605,0.192,0.927,115.05,0,1,0,0
0.289,0.46,0.8,6.16e-06,0.121,-3.584,0.05,0.553,102.46,0,1,0,0
0.033,0.627,0.69,0,0.0742,-5.396,0.139,0.627,122.053,0,1,0,0
0.124,0.499,0.898,7.2e-06,0.0832,-4.181,0.124,0.618,120.04,0,1,0,0
0.191,0.558,0.889,0.000387,0.328,-3.945,0.102,0.716,170.102,0,1,0,0
0.127,0.715,0.635,0,0.0862,-6.591,0.0791,0.39,112.887,0,1,0,0
0.0112,0.72,0.625,0.0076,0.0999,-6.274,0.0362,0.818,102.006,0,1,0,0
0.44,0.485,0.461,0,0.232,-5.646,0.0444,0.324,87.009,0,1,0,0
0.000673,0.738,0.875,0.000556,0.285,-3.141,0.127,0.538,114.962,0,1,0,0
0.47,0.799,0.58,0.000183,0.154,-8.152,0.0891,0.601,95.039,0,1,0,0
0.231,0.667,0.583,4.48e-05,0.181,-5.127,0.0747,0.187,92.043,0,1,0,0
0.0371,0.685,0.638,0,0.0987,-6.539,0.0367,0.414,123.442,0,1,0,0
0.0133,0.708,0.758,1.04e-05,0.418,-4.453,0.0367,0.272,101.017,0,1,0,0
0.00285,0.667,0.719,8.1e-05,0.0736,-5.371,0.0346,0.717,100.021,0,1,0,0
0.114,0.775,0.655,0.00016,0.035,-7.333,0.102,0.346,114.503,0,1,0,0
0.434,0.734,0.443,8.11e-05,0.107,-6.466,0.0788,0.617,79.485,0,1,0,0
0.236,0.765,0.689,7.39e-06,0.114,-5.616,0.0456,0.497,144.958,0,1,0,0
0.0112,0.746,0.765,0,0.0936,-4.41,0.0993,0.737,114.044,0,1,0,0
0.076,0.712,0.676,0,0.0669,-5.965,0.184,0.648,106.156,0,1,0,0
0.131,0.671,0.721,0.376,0.199,-7.378,0.0384,0.448,118.043,0,1,0,0
0.298,0.668,0.892,0,0.735,-3.001,0.0645,0.478,95.927,0,1,0,0
0.0154,0.693,0.678,6.05e-06,0.101,-7.159,0.0324,0.404,103.952,0,1,0,0
0.000254,0.618,0.837,0.000378,0.0618,-5.338,0.0304,0.526,121.227,0,1,0,0
0.571,0.802,0.371,3.82e-06,0.108,-9.087,0.131,0.263,113.951,0,1,0,0
0.0086,0.606,0.775,0.498,0.305,-6.038,0.04,0.508,140.013,0,1,0,0
0.308,0.627,0.446,0.00077,0.111,-9.477,0.0332,0.11,139.994,0,1,0,0
0.417,0.641,0.686,0.0131,0.223,-7.962,0.0335,0.656,105.953,0,1,0,0
0.121,0.661,0.684,0.00503,0.157,-6.611,0.0512,0.371,125.06,0,1,0,0
0.667,0.667,0.486,0.00321,0.0492,-10.377,0.0351,0.928,199.729,0,1,0,0
0.31,0.486,0.567,0,0.0949,-6.456,0.0379,0.154,93.68,0,1,0,0
0.084,0.797,0.625,0,0.222,-4.893,0.0518,0.883,145.008,0,1,0,0
0.0238,0.783,0.912,0,0.339,-3.713,0.243,0.749,98.025,0,1,0,0
0.0029,0.528,0.619,0,0.291,-6.959,0.0282,0.0845,102.951,0,1,0,0
0.456,0.877,0.452,4.37e-06,0.139,-5.773,0.0898,0.89,110.021,0,1,0,0
0.0291,0.614,0.839,0,0.112,-4.143,0.0702,0.657,182.123,0,1,0,0
0.0217,0.384,0.689,2.24e-06,0.204,-5.598,0.197,0.702,179.823,0,1,0,0
0.0515,0.653,0.623,0,0.0869,-5.989,0.0938,0.48,175.884,0,1,0,0
0.00856,0.687,0.74,4.39e-05,0.259,-4.829,0.0403,0.243,111.01,0,1,0,0
0.00839,0.852,0.698,1.03e-06,0.0773,-7.206,0.0629,0.324,113.039,0,1,0,0
0.82,0.701,0.529,0.00113,0.249,-12.242,0.147,0.577,138.216,0,1,0,0
0.474,0.51,0.666,0,0.0775,-7.008,0.0861,0.213,179.96,0,1,0,0
0.18,0.705,0.824,0,0.0901,-4.825,0.0347,0.925,146.999,0,1,0,0
0.000519,0.731,0.745,0.00167,0.0679,-5.846,0.0293,0.734,115.011,0,1,0,0
0.243,0.795,0.48,0,0.271,-8.556,0.0688,0.723,149.919,0,1,0,0
0.114,0.845,0.583,0.000536,0.1,-5.948,0.0773,0.842,149.941,0,1,0,0
0.0142,0.629,0.82,4.34e-05,0.039,-5.651,0.0543,0.329,113.95,0,1,0,0
0.145,0.79,0.694,0.00252,0.281,-7.726,0.0708,0.508,103.007,0,1,0,0
0.0843,0.682,0.927,0,0.149,-2.915,0.0479,0.744,101.019,0,1,0,0
0.198,0.747,0.537,1.26e-05,0.18,-5.76,0.0413,0.453,97.056,0,1,0,0
0.541,0.686,0.654,0,0.111,-6.73,0.0472,0.395,124.647,0,1,0,0
0.194,0.77,0.882,0,0.316,-4.792,0.0602,0.385,99.991,0,1,0,0
0.142,0.514,0.612,0,0.0868,-5.981,0.0298,0.342,125.99,0,1,0,0
0.0651,0.539,0.651,0,0.0662,-5.304,0.0432,0.474,105.159,0,1,0,0
0.00502,0.551,0.836,2.1e-05,0.0425,-3.838,0.0524,0.758,185.063,0,1,0,0
0.307,0.77,0.688,0.026,0.102,-5.547,0.0362,0.51,114.99,0,1,0,0
0.13,0.686,0.539,1.94e-05,0.116,-8.623,0.0348,0.186,115.983,0,1,0,0
0.0384,0.71,0.615,0,0.283,-8.23,0.133,0.746,90.263,0,1,0,0
0.0237,0.676,0.771,7e-06,0.102,-3.675,0.0483,0.569,99.048,0,1,0,0
0.00483,0.518,0.761,7.9e-05,0.0924,-7.266,0.0488,0.757,163.779,0,1,0,0
0.184,0.691,0.733,0,0.341,-5.02,0.0368,0.797,153.976,0,1,0,0
0.00575,0.862,0.4,7.49e-06,0.123,-7.486,0.0736,0.596,122.963,0,1,0,0
0.784,0.789,0.49,0.000598,0.112,-6.588,0.0392,0.869,140.034,0,1,0,0
0.189,0.813,0.601,0.0002,0.426,-7.552,0.116,0.855,118.981,0,1,0,0
0.0636,0.659,0.801,0,0.341,-4.234,0.0435,0.334,105.991,0,1,0,0
0.118,0.706,0.68,0,0.0443,-4.65,0.0424,0.728,105.977,0,1,0,0
0.0767,0.777,0.658,0,0.0901,-5.191,0.054,0.633,110.048,0,1,0,0
0.0783,0.761,0.695,0,0.14,-4.048,0.0886,0.69,118.004,0,1,0,0
0.269,0.737,0.747,0,0.219,-4.818,0.0323,0.447,105.943,0,1,0,0
0.262,0.696,0.686,0,0.174,-6.113,0.0309,0.7,115.982,0,1,0,0
0.0119,0.591,0.841,0,0.395,-4.351,0.0304,0.392,109.034,0,1,0,0
0.268,0.669,0.801,0,0.0594,-5.445,0.136,0.541,109.919,0,1,0,0
0.054,0.55,0.468,0.00108,0.232,-7.608,0.0425,0.293,92.06,0,1,0,0
0.139,0.669,0.667,0.00139,0.122,-9.275,0.0549,0.176,120.045,0,1,0,0
0.00658,0.563,0.583,0,0.102,-7.302,0.031,0.525,91.899,0,1,0,0
0.082,0.68,0.658,0.0324,0.109,-5.356,0.0535,0.278,128.921,0,1,0,0
0.051,0.745,0.681,1.26e-06,0.314,-5.733,0.0803,0.91,149.962,0,1,0,0
0.27,0.766,0.402,0.0007,0.106,-11.155,0.107,0.466,125.107,0,1,0,0
0.472,0.757,0.614,0,0.161,-6.828,0.126,0.616,90.523,0,1,0,0
0.145,0.547,0.795,0,0.11,-3.721,0.0489,0.723,118.118,0,1,0,0
0.284,0.79,0.468,0.00203,0.0735,-7.152,0.0534,0.606,98.014,0,1,0,0
0.00565,0.648,0.641,3.63e-06,0.109,-5.521,0.0389,0.505,184.021,0,1,0,0
0.243,0.697,0.521,0,0.189,-6.519,0.031,0.331,91.998,0,1,0,0
0.0823,0.73,0.732,0,0.0757,-2.556,0.0366,0.546,112.058,0,1,0,0
0.0732,0.918,0.602,1.94e-05,0.417,-8.891,0.0603,0.81,110.996,0,1,0,0
0.0175,0.637,0.758,9.68e-05,0.0753,-5.739,0.0415,0.52,108.013,0,1,0,0
0.0991,0.654,0.606,5.57e-05,0.31,-8.576,0.0717,0.358,90.058,0,1,0,0
0.0371,0.764,0.705,1.94e-05,0.0943,-5.279,0.0278,0.672,101.003,0,1,0,0
0.278,0.737,0.721,1.24e-05,0.0919,-5.458,0.0541,0.353,100.038,0,1,0,0
0.66,0.769,0.479,0,0.0914,-5.339,0.0385,0.803,96.051,0,1,0,0
0.00935,0.713,0.729,0.000106,0.0804,-6.027,0.0308,0.734,121.975,0,1,0,0
0.00155,0.476,0.776,0,0.464,-6.95,0.173,0.247,139.969,0,1,0,0
0.269,0.673,0.687,0,0.181,-5.295,0.0623,0.524,96.964,0,1,0,0
0.00115,0.705,0.814,0.00312,0.203,-5.466,0.0346,0.259,110.0,0,1,0,0
0.0561,0.623,0.656,0,0.0855,-5.608,0.0416,0.366,95.878,0,1,0,0
0.00583,0.284,0.704,0.000115,0.0424,-7.276,0.186,0.1,191.702,0,1,0,0
0.626,0.687,0.352,0.000151,0.133,-8.229,0.0759,0.155,122.955,0,1,0,0
0.0744,0.54,0.793,0,0.354,-4.379,0.0493,0.399,112.219,0,1,0,0
0.0948,0.686,0.83,1.33e-06,0.182,-4.437,0.0369,0.486,123.032,0,1,0,0
0.00346,0.501,0.674,3.56e-05,0.282,-6.363,0.0408,0.152,155.051,0,1,0,0
0.182,0.84,0.193,0,0.173,-11.186,0.0696,0.204,99.99,0,1,0,0
0.451,0.747,0.458,0,0.252,-6.891,0.303,0.47,75.029,0,1,0,0
0.222,0.559,0.915,0,0.113,-4.811,0.132,0.361,117.914,0,1,0,0
0.12,0.659,0.767,0,0.181,-3.016,0.261,0.554,181.818,0,1,0,0
0.156,0.682,0.683,2.32e-05,0.273,-6.444,0.0287,0.64,120.023,0,1,0,0
0.535,0.752,0.505,2.55e-06,0.104,-7.621,0.253,0.419,91.97,0,1,0,0
0.0828,0.732,0.856,0,0.323,-2.2,0.0929,0.771,145.034,0,1,0,0
0.0316,0.774,0.739,5.95e-06,0.119,-4.022,0.0952,0.823,126.002,0,1,0,0
0.0236,0.738,0.696,9.09e-05,0.338,-3.59,0.0305,0.892,101.989,0,1,0,0
0.225,0.591,0.702,0,0.414,-5.59,0.0289,0.501,104.003,0,1,0,0
0.0901,0.707,0.674,0,0.115,-5.578,0.177,0.928,95.02,0,1,0,0
0.245,0.572,0.742,0,0.108,-4.589,0.0347,0.376,127.19,0,1,0,0
0.298,0.664,0.316,2.03e-06,0.0812,-10.345,0.519,0.541,92.875,0,1,0,0
0.0105,0.603,0.649,0,0.243,-5.848,0.0476,0.672,124.073,0,1,0,0
0.579,0.503,0.741,1.49e-06,0.0712,-5.128,0.047,0.458,88.335,0,1,0,0
0.114,0.732,0.85,2.02e-06,0.0388,-5.999,0.0444,0.372,124.024,0,1,0,0
0.0132,0.521,0.877,0.0806,0.0929,-5.444,0.0683,0.199,180.007,0,1,0,0
0.187,0.667,0.834,1e-06,0.0515,-4.205,0.13,0.674,95.015,0,1,0,0
0.0427,0.842,0.734,0,0.106,-5.065,0.0588,0.952,137.958,0,1,0,0
0.223,0.815,0.518,0,0.104,-6.594,0.0897,0.877,151.891,0,1,0,0
0.0448,0.548,0.806,0,0.126,-7.249,0.0628,0.749,189.996,0,1,0,0
0.0548,0.547,0.676,0.0117,0.0662,-5.169,0.15,0.729,173.965,0,1,0,0
0.164,0.797,0.694,0,0.0703,-3.979,0.234,0.847,98.002,0,1,0,0
0.164,0.707,0.67,0.00283,0.109,-6.137,0.0323,0.822,112.993,0,1,0,0
0.237,0.763,0.681,0.000363,0.0917,-7.291,0.0338,0.227,120.025,0,1,0,0
0.0208,0.606,0.685,0.000928,0.107,-7.486,0.0343,0.224,116.994,0,1,0,0
0.495,0.646,0.705,4.77e-05,0.151,-5.816,0.0294,0.223,91.513,0,1,0,0
0.0476,0.752,0.764,9.44e-05,0.0543,-4.399,0.038,0.582,121.958,0,1,0,0
0.00463,0.658,0.804,0,0.178,-5.735,0.0377,0.508,120.047,0,1,0,0
0.0232,0.461,0.834,1.14e-05,0.14,-4.868,0.0989,0.471,135.007,0,1,0,0
0.198,0.404,0.806,0,0.114,-4.75,0.0496,0.112,148.036,0,1,0,0
0.021,0.672,0.855,0,0.323,-3.764,0.0397,0.646,123.056,0,1,0,0
0.0119,0.548,0.721,0,0.216,-4.466,0.0472,0.594,177.918,0,1,0,0
0.282,0.639,0.531,1.45e-06,0.111,-5.531,0.0277,0.318,112.926,0,1,0,0
0.0945,0.728,0.701,2.08e-05,0.181,-6.58,0.0406,0.413,137.97,0,1,0,0
0.00112,0.652,0.698,0.000115,0.0886,-4.667,0.042,0.47,96.021,0,1,0,0
0.0128,0.606,0.799,0,0.15,-4.452,0.0261,0.638,103.014,0,1,0,0
0.156,0.793,0.714,0,0.136,-7.562,0.193,0.794,100.036,0,1,0,0
0.0145,0.579,0.839,3.04e-05,0.201,-5.409,0.0703,0.589,158.141,0,1,0,0
0.00765,0.726,0.657,0.000248,0.0975,-7.066,0.0327,0.629,114.996,0,1,0,0
0.00146,0.514,0.73,9.54e-05,0.0897,-5.934,0.0598,0.334,171.005,0,1,0,0
0.00463,0.539,0.869,0,0.324,-5.341,0.0471,0.362,143.987,0,1,0,0
0.56,0.619,0.459,0,0.137,-5.782,0.0334,0.498,126.803,0,1,0,0
0.0578,0.756,0.815,2e-05,0.387,-5.122,0.046,0.927,120.002,0,1,0,0
0.653,0.786,0.581,0.00144,0.0693,-9.401,0.0773,0.687,99.995,0,1,0,0
0.0643,0.683,0.785,1.34e-05,0.177,-4.879,0.037,0.581,122.997,0,1,0,0
0.0875,0.641,0.537,9.05e-06,0.115,-5.452,0.0282,0.0681,112.864,0,1,0,0
0.422,0.552,0.65,0.000275,0.372,-7.199,0.128,0.316,167.788,0,1,0,0
0.0159,0.522,0.764,2.81e-06,0.282,-7.375,0.0446,0.716,103.664,0,1,0,0
0.316,0.755,0.578,0,0.25,-8.932,0.145,0.581,94.148,0,1,0,0
0.258,0.672,0.684,0,0.393,-6.084,0.0235,0.664,100.51,0,1,0,0
0.191,0.622,0.636,0,0.0782,-4.38,0.122,0.528,82.962,0,1,0,0
0.485,0.762,0.582,0,0.113,-8.819,0.104,0.297,139.998,0,1,0,0
0.0559,0.85,0.551,0,0.161,-7.197,0.0572,0.634,104.967,0,1,0,0
0.00261,0.664,0.561,0,0.0764,-7.031,0.0495,0.713,150.093,0,1,0,0
0.00235,0.656,0.574,0.527,0.713,-7.66,0.0808,0.251,119.498,0,1,0,0
0.0112,0.624,0.628,0.0191,0.0814,-6.582,0.0408,0.772,114.556,0,1,0,0
0.00543,0.611,0.797,0.00137,0.26,-7.627,0.0533,0.518,120.041,0,1,0,0
0.489,0.694,0.695,0.000159,0.131,-6.612,0.0705,0.468,100.035,0,1,0,0
0.201,0.657,0.569,1.38e-05,0.126,-6.287,0.0542,0.399,102.054,0,1,0,0
0.234,0.767,0.481,0,0.269,-8.52,0.0803,0.761,150.076,0,1,0,0
0.0889,0.604,0.546,0,0.0734,-5.691,0.151,0.402,179.847,0,1,0,0
0.0931,0.733,0.786,0.0013,0.1,-7.494,0.0422,0.786,102.999,0,1,0,0
0.0954,0.575,0.758,0,0.394,-5.029,0.0618,0.493,144.107,0,1,0,0
0.123,0.362,0.921,0,0.19,-3.815,0.486,0.529,172.191,0,1,0,0
0.0155,0.903,0.498,7.84e-06,0.105,-6.379,0.108,0.439,121.974,0,1,0,0
0.0302,0.91,0.401,0.000159,0.0801,-9.552,0.0855,0.824,135.994,0,1,0,0
0.183,0.878,0.525,0,0.0714,-6.832,0.0578,0.694,112.022,0,1,0,0
0.23,0.688,0.582,0.000157,0.0663,-10.668,0.0542,0.872,85.486,0,1,0,0
0.0685,0.809,0.613,0,0.107,-8.402,0.175,0.562,104.991,0,1,0,0
0.012,0.686,0.834,1.43e-06,0.0838,-4.16,0.0356,0.562,124.033,0,1,0,0
0.281,0.718,0.609,3.29e-05,0.234,-4.699,0.0429,0.497,122.948,0,1,0,0
0.23,0.554,0.498,5.98e-06,0.795,-8.866,0.0685,0.413,79.635,0,1,0,0
0.286,0.561,0.597,0,0.0979,-6.0,0.0405,0.355,76.826,0,1,0,0
0.0797,0.661,0.758,0,0.106,-5.299,0.0864,0.387,114.098,0,1,0,0
0.0202,0.797,0.543,0,0.0726,-5.744,0.0439,0.164,115.036,0,1,0,0
0.18,0.758,0.583,5.12e-05,0.107,-6.361,0.0421,0.797,97.537,0,1,0,0
0.0301,0.443,0.582,0,0.127,-6.02,0.0482,0.239,147.589,0,1,0,0
0.206,0.794,0.621,0,0.103,-4.935,0.168,0.237,106.053,0,1,0,0
0.00956,0.238,0.435,0,0.0981,-8.096,0.0497,0.0447,78.797,0,1,0,0
0.122,0.548,0.816,0,0.335,-4.209,0.0465,0.557,95.39,0,1,0,0
0.00957,0.628,0.676,2.65e-05,0.102,-5.911,0.0916,0.75,85.984,0,1,0,0
0.191,0.558,0.889,0.000387,0.328,-3.945,0.102,0.716,170.102,0,1,0,0
0.132,0.65,0.527,0,0.0902,-7.465,0.532,0.705,120.094,0,1,0,0
0.29,0.682,0.672,2.22e-06,0.117,-8.329,0.0268,0.723,118.97,0,1,0,0
0.05,0.699,0.583,0.00029,0.091,-9.731,0.0357,0.484,109.001,0,1,0,0
0.0737,0.682,0.656,0,0.353,-4.67,0.0435,0.607,130.089,0,1,0,0
0.00776,0.63,0.633,0,0.0541,-7.088,0.0457,0.452,93.995,0,1,0,0
0.648,0.6,0.535,4.7e-06,0.162,-7.043,0.107,0.269,71.912,0,1,0,0
0.0155,0.458,0.802,0,0.0706,-3.914,0.0416,0.51,145.135,0,1,0,0
0.378,0.728,0.616,0,0.105,-4.238,0.0645,0.508,99.962,0,1,0,0
0.0561,0.587,0.648,0,0.115,-6.927,0.0439,0.281,144.028,0,1,0,0
0.0816,0.708,0.496,0.000109,0.102,-8.175,0.0496,0.412,128.914,0,1,0,0
0.442,0.51,0.71,0.00025,0.0783,-7.516,0.0874,0.511,119.951,0,1,0,0
0.00873,0.683,0.598,0,0.156,-5.487,0.0423,0.62,78.969,0,1,0,0
0.00528,0.591,0.735,0,0.112,-4.208,0.0406,0.632,143.098,0,1,0,0
0.141,0.66,0.667,5.26e-05,0.107,-6.87,0.0474,0.452,114.901,0,1,0,0
0.0696,0.587,0.7,1.43e-05,0.0625,-6.893,0.219,0.451,186.029,0,1,0,0
0.0208,0.583,0.786,0,0.188,-3.142,0.0301,0.573,123.052,0,1,0,0
0.0488,0.636,0.765,4.92e-05,0.244,-5.338,0.0471,0.345,100.008,0,1,0,0
0.00134,0.676,0.869,6.77e-05,0.0692,-4.689,0.132,0.271,114.991,0,1,0,0
0.0317,0.699,0.529,3.59e-05,0.285,-7.548,0.0487,0.121,119.987,0,1,0,0
0.0666,0.725,0.788,0.0389,0.107,-5.514,0.0619,0.351,100.01,0,1,0,0
0.00259,0.572,0.775,1.01e-05,0.139,-4.828,0.0587,0.501,133.914,0,1,0,0
0.379,0.678,0.43,4.57e-05,0.359,-5.646,0.0752,0.411,95.006,0,1,0,0
0.0469,0.727,0.626,2.58e-05,0.126,-8.415,0.0726,0.322,86.97,0,1,0,0
0.331,0.777,0.744,0.0073,0.088,-7.42,0.204,0.654,94.019,0,1,0,0
0.0757,0.559,0.857,0.000426,0.115,-5.455,0.0409,0.264,100.004,0,1,0,0
0.062,0.738,0.717,0,0.205,-5.121,0.0573,0.5,98.047,0,1,0,0
0.802,0.737,0.408,0,0.171,-7.941,0.104,0.374,127.921,0,1,0,0
0.241,0.519,0.536,0.00011,0.114,-6.471,0.0806,0.297,124.042,0,1,0,0
0.0181,0.726,0.869,0.00022,0.332,-3.978,0.0638,0.529,112.966,0,1,0,0
0.0911,0.706,0.855,0,0.347,-5.377,0.215,0.293,107.184,0,1,0,0
0.484,0.704,0.815,7.85e-05,0.103,-3.6,0.283,0.907,183.877,0,1,0,0
0.336,0.633,0.559,0,0.262,-5.135,0.313,0.473,114.987,0,1,0,0
0.102,0.569,0.738,0.0117,0.0996,-5.739,0.0374,0.242,94.967,0,1,0,0
0.0667,0.864,0.532,0.000139,0.0618,-5.288,0.05,0.663,115.006,0,1,0,0
0.00103,0.665,0.712,0.00342,0.102,-7.536,0.0527,0.669,93.989,0,1,0,0
0.132,0.641,0.842,0.91,0.419,-7.27,0.0292,0.5,129.98,0,1,0,0
0.156,0.759,0.605,0,0.694,-7.737,0.0433,0.64,121.049,0,1,0,0
0.837,0.764,0.32,0,0.0822,-7.209,0.0546,0.575,91.019,0,1,0,0
0.788,0.707,0.222,0,0.205,-11.716,0.0329,0.556,110.095,0,0,1,0
0.606,0.509,0.158,0,0.101,-16.141,0.0356,0.327,67.604,0,0,1,0
0.367,0.545,0.458,0,0.118,-4.6,0.0279,0.164,79.943,0,0,1,0
0.113,0.189,0.427,0.0923,0.058,-9.08,0.0449,0.158,187.212,0,0,1,0
0.978,0.477,0.108,0.000754,0.153,-16.484,0.0446,0.242,118.855,0,0,1,0
0.694,0.62,0.282,0,0.119,-10.533,0.0464,0.193,124.609,0,0,1,0
0.00527,0.376,0.473,0.00162,0.123,-5.636,0.0325,0.0398,148.835,0,0,1,0
0.0735,0.477,0.546,0,0.0727,-6.893,0.0284,0.124,126.112,0,0,1,0
0.395,0.575,0.714,0,0.115,-5.247,0.0596,0.32,144.982,0,0,1,0
0.037,0.764,0.271,0,0.175,-5.697,0.0414,0.0371,116.019,0,0,1,0
0.439,0.451,0.452,0,0.478,-9.363,0.0574,0.386,57.523,0,0,1,0
0.693,0.4,0.564,0,0.0863,-7.444,0.0523,0.483,99.269,0,0,1,0
0.526,0.613,0.739,0,0.149,-6.478,0.0311,0.712,104.966,0,0,1,0
0.264,0.8,0.585,0,0.153,-7.343,0.0924,0.779,126.058,0,0,1,0
0.784,0.485,0.332,0.000122,0.146,-9.244,0.0338,0.273,130.813,0,0,1,0
0.722,0.579,0.292,1.63e-06,0.108,-9.232,0.0305,0.145,122.363,0,0,1,0
0.339,0.422,0.349,0.00024,0.108,-12.424,0.315,0.134,57.0,0,0,1,0
0.777,0.483,0.209,0,0.114,-10.771,0.0324,0.184,78.248,0,0,1,0
0.106,0.585,0.421,9.54e-06,0.14,-9.593,0.0707,0.24,132.986,0,0,1,0
0.491,0.772,0.256,0.00612,0.144,-8.545,0.0481,0.357,118.902,0,0,1,0
0.959,0.472,0.265,0.000499,0.1,-10.059,0.0356,0.204,111.558,0,0,1,0
0.944,0.545,0.212,0,0.0939,-10.843,0.0549,0.226,81.053,0,0,1,0
0.843,0.496,0.27,0,0.114,-9.932,0.0361,0.234,121.52,0,0,1,0
0.22,0.681,0.582,0,0.119,-7.76,0.0313,0.221,124.038,0,0,1,0
0.0524,0.628,0.715,0,0.119,-7.097,0.0541,0.429,139.991,0,0,1,0
0.716,0.505,0.397,0,0.0853,-9.349,0.324,0.558,95.063,0,0,1,0
0.801,0.62,0.288,0,0.344,-9.431,0.123,0.691,100.385,0,0,1,0
0.956,0.447,0.206,4.56e-06,0.107,-11.75,0.0519,0.327,66.734,0,0,1,0
0.348,0.381,0.594,0,0.0925,-5.97,0.0486,0.273,143.86,0,0,1,0
0.687,0.576,0.426,6.03e-06,0.173,-6.367,0.102,0.389,102.246,0,0,1,0
0.921,0.65,0.171,0,0.127,-9.005,0.0519,0.284,119.522,0,0,1,0
0.89,0.595,0.18,0,0.113,-11.391,0.0298,0.261,79.922,0,0,1,0
0.309,0.567,0.542,0.000342,0.0734,-6.64,0.0309,0.229,125.16,0,0,1,0
0.443,0.656,0.432,0,0.132,-9.481,0.217,0.0897,97.022,0,0,1,0
0.0218,0.621,0.63,6e-05,0.22,-5.412,0.0288,0.285,119.053,0,0,1,0
0.733,0.649,0.548,0,0.136,-5.692,0.0318,0.506,150.036,0,0,1,0
0.788,0.658,0.619,0.0667,0.0951,-7.316,0.0772,0.354,136.077,0,0,1,0
0.547,0.363,0.466,4.46e-05,0.0828,-6.963,0.0347,0.308,200.24,0,0,1,0
0.746,0.5,0.292,0,0.188,-8.554,0.0323,0.37,145.879,0,0,1,0
0.189,0.739,0.448,0,0.118,-10.28,0.138,0.553,81.044,0,0,1,0
0.887,0.54,0.265,0,0.111,-9.852,0.027,0.253,94.919,0,0,1,0
0.438,0.665,0.506,9.8e-06,0.104,-10.872,0.0462,0.216,132.032,0,0,1,0
0.935,0.441,0.219,0,0.115,-14.586,0.0419,0.244,94.021,0,0,1,0
0.373,0.722,0.282,0.00557,0.147,-7.484,0.106,0.217,91.367,0,0,1,0
0.711,0.689,0.394,0.000905,0.0859,-10.102,0.065,0.382,117.489,0,0,1,0
0.775,0.766,0.548,5.57e-06,0.1,-4.29,0.235,0.424,82.944,0,0,1,0
0.653,0.535,0.297,0,0.118,-6.043,0.0665,0.0492,147.569,0,0,1,0
0.389,0.746,0.538,0,0.139,-6.479,0.32,0.516,101.018,0,0,1,0
0.00636,0.545,0.775,0,0.192,-4.325,0.0349,0.516,174.086,0,0,1,0
0.929,0.374,0.117,0.000274,0.0807,-15.493,0.0305,0.363,181.874,0,0,1,0
0.111,0.497,0.489,0.00167,0.0912,-7.849,0.0413,0.0348,163.814,0,0,1,0
0.231,0.68,0.346,0,0.26,-6.533,0.0302,0.224,95.952,0,0,1,0
0.892,0.555,0.257,1.42e-06,0.124,-12.637,0.0299,0.431,89.013,0,0,1,0
0.221,0.422,0.745,0,0.0981,-4.632,0.0378,0.588,95.487,0,0,1,0
0.853,0.547,0.233,0,0.335,-9.212,0.0435,0.331,96.433,0,0,1,0
0.104,0.649,0.791,1.97e-06,0.108,-6.013,0.193,0.811,128.023,0,0,1,0
0.962,0.47,0.271,0,0.106,-8.335,0.0392,0.388,129.623,0,0,1,0
0.194,0.598,0.252,0.133,0.0992,-15.086,0.0644,0.0352,120.064,0,0,1,0
0.112,0.693,0.489,0.000465,0.0819,-9.811,0.0901,0.435,87.911,0,0,1,0
0.0112,0.578,0.694,0,0.102,-5.351,0.0706,0.268,129.921,0,0,1,0
0.426,0.659,0.295,6.95e-05,0.0795,-8.528,0.0322,0.36,74.037,0,0,1,0
0.849,0.695,0.359,0,0.102,-7.676,0.0535,0.389,85.93,0,0,1,0
0.51,0.761,0.247,0.000275,0.0968,-6.597,0.145,0.262,97.013,0,0,1,0
0.0102,0.436,0.562,0.000278,0.198,-6.106,0.0278,0.24,150.066,0,0,1,0
0.603,0.726,0.408,0,0.225,-6.606,0.0614,0.459,115.918,0,0,1,0
0.42,0.633,0.412,3.57e-06,0.048,-7.339,0.0284,0.214,102.215,0,0,1,0
0.934,0.351,0.296,0,0.095,-10.109,0.0333,0.12,115.284,0,0,1,0
0.446,0.333,0.423,0,0.109,-6.704,0.0351,0.161,150.447,0,0,1,0
0.838,0.667,0.282,9.73e-06,0.0854,-9.154,0.0395,0.512,89.955,0,0,1,0
0.279,0.718,0.805,0,0.527,-5.257,0.325,0.36,132.995,0,0,1,0
0.111,0.766,0.283,0.0172,0.115,-10.33,0.0846,0.144,97.04,0,0,1,0
0.0312,0.582,0.677,6.6e-06,0.122,-7.081,0.172,0.205,193.818,0,0,1,0
0.549,0.849,0.19,0.00229,0.102,-9.628,0.0447,0.203,113.955,0,0,1,0
0.985,0.29,0.192,2.79e-06,0.104,-11.287,0.0442,0.232,170.397,0,0,1,0
0.805,0.398,0.316,0,0.295,-7.031,0.0368,0.174,118.582,0,0,1,0
0.875,0.448,0.256,0,0.113,-10.17,0.0483,0.174,77.272,0,0,1,0
0.235,0.656,0.578,0,0.118,-8.97,0.0922,0.556,94.514,0,0,1,0
0.148,0.573,0.581,0,0.128,-3.325,0.0276,0.188,103.82,0,0,1,0
0.22,0.574,0.329,0,0.0986,-6.829,0.0274,0.356,130.993,0,0,1,0
0.928,0.477,0.242,0,0.0818,-9.162,0.0529,0.488,43.509,0,0,1,0
0.881,0.405,0.279,0,0.0933,-8.099,0.0334,0.256,119.85,0,0,1,0
0.0404,0.783,0.524,0,0.087,-6.828,0.115,0.153,144.989,0,0,1,0
0.0542,0.763,0.516,0.000689,0.162,-9.267,0.115,0.363,93.5,0,0,1,0
0.694,0.657,0.355,0.000427,0.123,-12.044,0.0714,0.0808,74.99,0,0,1,0
0.00372,0.675,0.5,0.00268,0.114,-6.6,0.0516,0.0709,90.029,0,0,1,0
0.317,0.652,0.549,0,0.104,-7.555,0.039,0.186,120.073,0,0,1,0
0.177,0.701,0.654,0,0.0857,-6.577,0.0837,0.314,132.08,0,0,1,0
0.455,0.764,0.262,0.0249,0.104,-17.074,0.446,0.29,80.047,0,0,1,0
0.48,0.565,0.381,0,0.109,-7.204,0.0302,0.325,73.483,0,0,1,0
0.677,0.609,0.501,0.000861,0.0943,-6.708,0.028,0.279,103.977,0,0,1,0
0.367,0.61,0.725,0,0.154,-5.131,0.15,0.291,146.163,0,0,1,0
0.461,0.387,0.473,5.04e-05,0.0839,-6.93,0.0345,0.261,200.764,0,0,1,0
0.918,0.331,0.235,0,0.137,-7.7,0.0299,0.218,171.232,0,0,1,0
0.0628,0.623,0.585,0.000155,0.119,-7.895,0.124,0.538,158.273,0,0,1,0
0.62,0.697,0.235,0.000144,0.107,-8.651,0.0534,0.378,99.947,0,0,1,0
0.913,0.561,0.0848,2.62e-05,0.112,-15.099,0.0404,0.206,102.128,0,0,1,0
0.308,0.696,0.543,0,0.0939,-6.164,0.0489,0.479,107.969,0,0,1,0
0.104,0.529,0.607,0,0.0631,-6.781,0.0574,0.238,101.966,0,0,1,0
0.697,0.553,0.586,0,0.0813,-6.319,0.0362,0.443,126.684,0,0,1,0
0.183,0.426,0.445,0,0.661,-5.776,0.169,0.347,56.966,0,0,1,0
0.3,0.484,0.716,0.00214,0.112,-7.193,0.167,0.365,184.131,0,0,1,0
0.409,0.721,0.339,0.00153,0.0973,-11.195,0.0532,0.2,129.83,0,0,1,0
0.358,0.595,0.608,0,0.0843,-5.303,0.0373,0.452,60.878,0,0,1,0
0.907,0.451,0.0873,2.46e-06,0.354,-16.815,0.063,0.456,166.598,0,0,1,0
0.531,0.34,0.288,0,0.134,-7.937,0.0321,0.322,89.033,0,0,1,0
0.64,0.545,0.33,7e-06,0.22,-11.719,0.164,0.399,103.553,0,0,1,0
0.0635,0.336,0.602,0,0.141,-6.354,0.0325,0.299,161.01,0,0,1,0
0.536,0.522,0.385,0,0.135,-7.355,0.0288,0.236,89.792,0,0,1,0
0.919,0.616,0.204,0,0.106,-11.421,0.0331,0.419,79.826,0,0,1,0
0.658,0.653,0.378,0,0.177,-8.273,0.0533,0.54,91.835,0,0,1,0
0.942,0.525,0.181,0.0003,0.101,-12.198,0.0306,0.152,109.167,0,0,1,0
0.889,0.592,0.28,0,0.124,-5.494,0.0283,0.348,141.899,0,0,1,0
0.905,0.531,0.347,0,0.0935,-7.044,0.0345,0.289,114.441,0,0,1,0
0.88,0.396,0.398,0,0.203,-6.15,0.0412,0.305,89.017,0,0,1,0
0.0538,0.807,0.346,2.55e-06,0.087,-10.275,0.0613,0.0608,84.98,0,0,1,0
0.0705,0.586,0.525,0,0.0729,-8.968,0.498,0.491,126.51,0,0,1,0
0.751,0.501,0.405,0,0.105,-5.679,0.0319,0.446,109.891,0,0,1,0
0.781,0.565,0.245,0,0.0998,-9.132,0.0262,0.307,75.055,0,0,1,0
0.9,0.481,0.285,0,0.123,-10.848,0.0424,0.316,130.029,0,0,1,0
0.915,0.604,0.277,1.82e-05,0.113,-8.249,0.0286,0.22,82.922,0,0,1,0
0.885,0.769,0.511,0.000186,0.106,-6.673,0.0609,0.507,123.954,0,0,1,0
0.157,0.709,0.362,0,0.109,-9.814,0.055,0.113,122.043,0,0,1,0
0.0141,0.315,0.573,1.67e-05,0.32,-7.292,0.0444,0.0695,116.98,0,0,1,0
0.142,0.459,0.545,0,0.105,-4.874,0.0282,0.194,137.941,0,0,1,0
0.803,0.72,0.316,0.00016,0.154,-12.532,0.0414,0.442,98.925,0,0,1,0
0.654,0.43,0.587,8.83e-05,0.158,-8.003,0.0348,0.332,156.006,0,0,1,0
0.978,0.367,0.111,3.97e-05,0.0897,-14.084,0.0972,0.198,82.642,0,0,1,0
0.658,0.525,0.439,0,0.0636,-6.596,0.0259,0.238,84.956,0,0,1,0
0.0843,0.512,0.559,0,0.0696,-5.498,0.0253,0.193,85.017,0,0,1,0
0.027,0.489,0.738,0,0.079,-6.491,0.0281,0.655,86.203,0,0,1,0
0.112,0.299,0.369,0.000763,0.0892,-8.665,0.0317,0.232,138.885,0,0,1,0
0.482,0.506,0.481,0,0.2,-6.098,0.0264,0.224,148.626,0,0,1,0
0.219,0.46,0.498,0.00329,0.099,-6.312,0.0282,0.154,76.902,0,0,1,0
0.737,0.479,0.541,0,0.108,-9.862,0.0545,0.321,85.994,0,0,1,0
0.0689,0.556,0.538,0,0.196,-5.408,0.0382,0.291,143.95,0,0,1,0
0.645,0.437,0.301,0,0.117,-8.519,0.0384,0.203,126.016,0,0,1,0
0.208,0.749,0.463,0.0371,0.337,-8.433,0.0828,0.19,90.028,0,0,1,0
0.0275,0.684,0.603,0.000311,0.191,-8.127,0.0989,0.504,81.0,0,0,1,0
0.611,0.694,0.314,2.07e-06,0.117,-7.82,0.116,0.341,119.905,0,0,1,0
0.756,0.618,0.292,0,0.114,-10.826,0.0422,0.486,144.963,0,0,1,0
0.649,0.412,0.254,0.00124,0.0841,-17.448,0.0964,0.332,168.068,0,0,1,0
0.5,0.41,0.462,0,0.0975,-7.534,0.0515,0.354,139.861,0,0,1,0
0.792,0.476,0.255,0,0.114,-8.522,0.0338,0.12,145.67,0,0,1,0
0.203,0.41,0.726,0,0.107,-3.845,0.15,0.552,77.226,0,0,1,0
0.0972,0.699,0.601,1.17e-05,0.562,-6.48,0.0304,0.434,98.04,0,0,1,0
0.847,0.538,0.162,0,0.114,-13.31,0.0299,0.366,94.981,0,0,1,0
0.0423,0.828,0.581,0.000903,0.109,-2.659,0.0429,0.145,133.999,0,0,1,0
0.576,0.655,0.178,5.36e-05,0.097,-12.522,0.0635,0.127,75.003,0,0,1,0
0.798,0.553,0.274,7.13e-06,0.103,-12.564,0.0379,0.208,86.672,0,0,1,0
0.787,0.313,0.429,0,0.0863,-7.415,0.0343,0.416,77.27,0,0,1,0
0.61,0.342,0.436,0,0.0975,-5.932,0.03,0.237,140.228,0,0,1,0
0.0509,0.662,0.612,0,0.0948,-4.993,0.0311,0.177,113.95,0,0,1,0
0.161,0.55,0.415,0,0.108,-6.557,0.052,0.274,172.065,0,0,1,0
0.126,0.627,0.592,0,0.111,-5.977,0.314,0.462,167.882,0,0,1,0
0.341,0.493,0.636,0,0.201,-5.894,0.049,0.228,120.136,0,0,1,0
0.682,0.405,0.404,0,0.0962,-8.954,0.208,0.267,178.529,0,0,1,0
0.841,0.397,0.172,6.78e-05,0.108,-15.698,0.0445,0.123,101.275,0,0,1,0
0.344,0.538,0.449,0,0.157,-8.078,0.0463,0.27,132.639,0,0,1,0
0.694,0.585,0.303,0,0.115,-10.058,0.0398,0.142,136.703,0,0,1,0
0.948,0.426,0.224,0,0.112,-8.683,0.0391,0.399,85.728,0,0,1,0
0.74,0.654,0.325,2.14e-05,0.152,-11.925,0.282,0.39,139.886,0,0,1,0
0.965,0.71,0.0565,0,0.0889,-15.099,0.0534,0.348,123.994,0,0,1,0
0.795,0.542,0.316,0,0.096,-6.189,0.0374,0.58,140.869,0,0,1,0
0.613,0.481,0.179,2.84e-05,0.145,-21.424,0.109,0.405,74.85,0,0,1,0
0.135,0.512,0.754,0,0.0881,-6.031,0.0549,0.336,147.89,0,0,1,0
0.914,0.589,0.242,0,0.0887,-10.517,0.0442,0.257,89.749,0,0,1,0
0.731,0.874,0.558,0.000638,0.106,-9.814,0.225,0.451,118.021,0,0,1,0
0.696,0.61,0.458,0.000103,0.0852,-11.336,0.36,0.246,192.099,0,0,1,0
0.889,0.455,0.292,0,0.106,-6.792,0.0563,0.43,84.339,0,0,1,0
0.144,0.63,0.696,0,0.0835,-4.501,0.0242,0.491,94.034,0,0,1,0
0.626,0.738,0.491,0,0.126,-9.726,0.413,0.448,94.378,0,0,1,0
0.918,0.481,0.203,0,0.108,-9.367,0.0368,0.293,105.201,0,0,1,0
0.603,0.697,0.474,0,0.11,-6.663,0.0351,0.249,127.904,0,0,1,0
0.0607,0.547,0.294,0.786,0.0933,-10.202,0.0482,0.11,105.027,0,0,1,0
0.904,0.478,0.213,0,0.129,-7.733,0.0333,0.264,73.662,0,0,1,0
0.606,0.599,0.527,0,0.104,-6.938,0.0465,0.329,93.09,0,0,1,0
0.864,0.623,0.236,0,0.148,-12.303,0.0368,0.349,109.708,0,0,1,0
0.201,0.738,0.379,1.1e-05,0.0806,-11.644,0.084,0.598,122.042,0,0,1,0
0.0874,0.537,0.528,0,0.0855,-7.666,0.208,0.124,96.931,0,0,1,0
0.286,0.515,0.714,0,0.118,-4.516,0.0348,0.495,155.954,0,0,1,0
0.286,0.624,0.424,0,0.173,-8.237,0.24,0.584,76.671,0,0,1,0
0.855,0.461,0.29,0,0.103,-7.999,0.0349,0.412,144.739,0,0,1,0
0.563,0.462,0.438,0,0.181,-8.227,0.0953,0.342,107.364,0,0,1,0
0.222,0.765,0.356,0,0.0963,-5.556,0.196,0.19,97.001,0,0,1,0
0.11,0.463,0.755,4.89e-06,0.103,-7.244,0.0634,0.252,145.319,0,0,1,0
0.912,0.447,0.257,0,0.117,-9.172,0.0394,0.32,136.87,0,0,1,0
0.091,0.564,0.809,0.00015,0.497,-5.502,0.042,0.542,90.122,0,0,1,0
0.887,0.567,0.224,0,0.109,-10.024,0.0299,0.2,124.44,0,0,1,0
0.666,0.692,0.57,0,0.107,-8.077,0.185,0.309,91.917,0,0,1,0
0.00959,0.658,0.591,5.27e-06,0.325,-5.197,0.0309,0.326,114.078,0,0,1,0
0.822,0.498,0.492,0,0.0902,-10.976,0.0889,0.598,137.958,0,0,1,0
0.0382,0.274,0.808,0,0.198,-2.678,0.0346,0.131,161.104,0,0,1,0
0.0945,0.601,0.724,1.68e-06,0.12,-4.856,0.0486,0.508,102.061,0,0,1,0
0.0555,0.566,0.465,0,0.567,-11.714,0.235,0.177,143.015,0,0,1,0
0.565,0.703,0.573,3.13e-06,0.0987,-9.032,0.0724,0.491,147.038,0,0,1,0
0.951,0.406,0.0307,0,0.0984,-17.636,0.04,0.245,136.716,0,0,1,0
0.121,0.53,0.802,0,0.118,-6.494,0.0362,0.566,148.054,0,0,1,0
0.111,0.582,0.525,0,0.134,-7.163,0.0627,0.51,133.249,0,0,1,0
0.808,0.524,0.364,0,0.1,-10.209,0.0367,0.436,75.24,0,0,1,0
0.473,0.553,0.507,0,0.108,-6.24,0.0304,0.57,83.093,0,0,1,0
0.553,0.7,0.454,0.0022,0.121,-10.39,0.0388,0.34,80.011,0,0,1,0
0.0991,0.716,0.729,0,0.0842,-6.313,0.117,0.276,131.975,0,0,1,0
0.0379,0.55,0.736,0,0.139,-4.259,0.0302,0.295,92.026,0,0,1,0
0.718,0.396,0.177,0,0.139,-10.277,0.0378,0.221,177.215,0,0,1,0
0.629,0.692,0.333,0,0.176,-7.858,0.029,0.316,110.108,0,0,1,0
0.695,0.543,0.394,0.000239,0.108,-9.637,0.0864,0.118,137.811,0,0,1,0
0.108,0.53,0.433,0,0.135,-10.598,0.185,0.274,160.14,0,0,1,0
0.928,0.388,0.372,0,0.146,-5.72,0.0468,0.285,89.701,0,0,1,0
0.138,0.521,0.826,0,0.196,-2.888,0.0372,0.372,158.032,0,0,1,0
0.4,0.63,0.53,0,0.177,-7.259,0.0434,0.417,108.038,0,0,1,0
0.847,0.682,0.175,3.21e-05,0.101,-8.688,0.0313,0.223,112.661,0,0,1,0
0.873,0.435,0.155,0,0.107,-8.948,0.046,0.0935,128.532,0,0,1,0
0.395,0.3,0.452,0.000818,0.137,-9.298,0.0305,0.342,82.988,0,0,0,1
0.819,0.712,0.305,0,0.115,-8.299,0.04,0.586,125.015,0,0,0,1
0.613,0.664,0.573,0.000363,0.0857,-6.519,0.0277,0.566,76.023,0,0,0,1
0.913,0.672,0.25,1.65e-05,0.125,-9.539,0.0336,0.136,81.979,0,0,0,1
0.963,0.607,0.198,0.00425,0.107,-14.271,0.038,0.381,76.702,0,0,0,1
0.772,0.594,0.161,0,0.108,-11.815,0.036,0.209,116.808,0,0,0,1
0.855,0.655,0.264,0,0.124,-10.831,0.0295,0.379,115.976,0,0,0,1
0.786,0.338,0.527,0.156,0.109,-9.695,0.0299,0.23,142.13,0,0,0,1
0.817,0.767,0.26,0,0.125,-9.315,0.0365,0.718,100.054,0,0,0,1
0.929,0.353,0.239,0.589,0.0681,-16.256,0.036,0.299,106.79,0,0,0,1
0.902,0.602,0.359,0.0263,0.0946,-7.893,0.0244,0.44,90.458,0,0,0,1
0.818,0.546,0.311,1.65e-05,0.107,-10.396,0.0288,0.246,147.464,0,0,0,1
0.841,0.381,0.325,1.2e-06,0.107,-8.757,0.0358,0.414,203.822,0,0,0,1
0.6,0.551,0.373,0,0.141,-8.374,0.0253,0.347,139.852,0,0,0,1
0.846,0.408,0.24,0.00254,0.104,-13.522,0.0307,0.434,147.585,0,0,0,1
0.804,0.603,0.434,0.0263,0.111,-11.368,0.0544,0.443,156.017,0,0,0,1
0.229,0.58,0.687,0,0.109,-5.4,0.106,0.187,76.014,0,0,0,1
0.911,0.398,0.112,0.0718,0.107,-16.226,0.0332,0.199,101.268,0,0,0,1
0.73,0.559,0.375,0,0.0926,-7.01,0.0286,0.287,144.913,0,0,0,1
0.914,0.481,0.141,8.6e-05,0.111,-15.477,0.0341,0.307,149.609,0,0,0,1
0.869,0.558,0.232,7.11e-06,0.124,-11.92,0.0292,0.187,129.505,0,0,0,1
0.921,0.567,0.224,0,0.102,-10.558,0.0288,0.292,143.982,0,0,0,1
0.748,0.541,0.453,0,0.2,-6.459,0.0266,0.377,141.757,0,0,0,1
0.922,0.451,0.269,0,0.0935,-8.571,0.0329,0.288,86.735,0,0,0,1
0.89,0.381,0.163,0.000613,0.113,-13.972,0.0467,0.267,80.049,0,0,0,1
0.657,0.541,0.574,0,0.0962,-6.981,0.0362,0.533,179.913,0,0,0,1
0.89,0.595,0.18,0,0.113,-11.391,0.0298,0.261,79.922,0,0,0,1
0.901,0.475,0.155,0,0.118,-9.559,0.0388,0.626,177.648,0,0,0,1
0.765,0.505,0.252,0,0.0829,-10.169,0.0321,0.393,80.83,0,0,0,1
0.749,0.67,0.609,6.74e-05,0.227,-10.088,0.0333,0.573,127.463,0,0,0,1
0.805,0.457,0.407,0.884,0.126,-11.475,0.0308,0.126,117.053,0,0,0,1
0.505,0.48,0.418,0.00416,0.11,-9.622,0.0312,0.319,132.404,0,0,0,1
0.901,0.579,0.171,0.000308,0.111,-14.495,0.0303,0.389,136.311,0,0,0,1
0.976,0.522,0.202,1.85e-05,0.157,-9.673,0.0476,0.181,128.271,0,0,0,1
0.394,0.538,0.507,0,0.0946,-6.059,0.0342,0.705,88.683,0,0,0,1
0.746,0.5,0.292,0,0.188,-8.554,0.0323,0.37,145.879,0,0,0,1
0.935,0.412,0.285,0,0.11,-9.918,0.0444,0.377,151.739,0,0,0,1
0.886,0.574,0.242,3.96e-05,0.095,-8.861,0.0384,0.243,138.328,0,0,0,1
0.931,0.452,0.198,2.24e-06,0.1,-9.374,0.0335,0.217,119.499,0,0,0,1
0.293,0.499,0.395,0.00835,0.0963,-8.615,0.0272,0.349,78.266,0,0,0,1
0.827,0.392,0.337,2.03e-05,0.114,-9.68,0.0329,0.19,80.364,0,0,0,1
0.822,0.442,0.36,0,0.0922,-8.056,0.0326,0.32,88.903,0,0,0,1
0.309,0.555,0.418,0.00119,0.237,-12.7,0.0455,0.328,159.764,0,0,0,1
0.814,0.503,0.435,0.0141,0.0998,-8.761,0.036,0.341,148.905,0,0,0,1
0.721,0.693,0.629,0.00011,0.254,-6.06,0.412,0.747,87.593,0,0,0,1
0.88,0.784,0.365,0,0.293,-9.154,0.0606,0.397,112.082,0,0,0,1
0.943,0.676,0.198,0.0132,0.104,-13.91,0.0333,0.125,118.004,0,0,0,1
0.955,0.568,0.213,0,0.113,-11.882,0.0379,0.302,72.932,0,0,0,1
0.242,0.488,0.551,0.000582,0.219,-9.399,0.0298,0.443,87.846,0,0,0,1
0.929,0.71,0.145,0,0.11,-12.424,0.0513,0.513,71.06,0,0,0,1
0.142,0.336,0.647,0.00616,0.826,-7.718,0.039,0.207,94.948,0,0,0,1
0.926,0.397,0.249,0,0.115,-10.484,0.0394,0.329,79.614,0,0,0,1
0.911,0.416,0.192,1.5e-05,0.107,-12.525,0.034,0.222,102.49,0,0,0,1
0.788,0.627,0.246,0,0.118,-11.41,0.0342,0.52,141.303,0,0,0,1
0.943,0.584,0.0989,0,0.111,-13.526,0.0356,0.304,136.17,0,0,0,1
0.902,0.61,0.245,0,0.0944,-7.01,0.0275,0.212,100.02,0,0,0,1
0.91,0.437,0.24,0,0.11,-11.551,0.0349,0.364,149.02,0,0,0,1
0.979,0.676,0.0812,0.416,0.118,-22.846,0.0398,0.314,125.053,0,0,0,1
0.796,0.348,0.111,0.0021,0.14,-17.049,0.0313,0.26,174.136,0,0,0,1
0.879,0.352,0.404,0,0.0634,-6.02,0.0298,0.502,159.705,0,0,0,1
0.988,0.464,0.147,0.00309,0.111,-15.002,0.0369,0.117,144.372,0,0,0,1
0.944,0.577,0.406,0.0126,0.117,-10.535,0.0326,0.157,119.0,0,0,0,1
0.921,0.513,0.0862,0,0.109,-14.432,0.0463,0.302,140.453,0,0,0,1
0.88,0.54,0.222,0.000587,0.346,-12.846,0.0321,0.28,128.871,0,0,0,1
0.825,0.332,0.282,0,0.104,-7.257,0.044,0.234,187.057,0,0,0,1
0.915,0.456,0.113,0.0011,0.0959,-15.763,0.0334,0.327,108.536,0,0,0,1
0.811,0.603,0.575,0.00183,0.12,-10.325,0.0285,0.673,95.116,0,0,0,1
0.724,0.568,0.558,0.000331,0.116,-8.553,0.0278,0.287,104.991,0,0,0,1
0.896,0.449,0.209,0,0.156,-14.494,0.0896,0.431,93.618,0,0,0,1
0.765,0.441,0.283,0.0348,0.076,-9.092,0.0304,0.225,79.664,0,0,0,1
0.931,0.477,0.252,0,0.119,-11.195,0.0589,0.46,131.595,0,0,0,1
0.705,0.325,0.253,0,0.143,-13.858,0.039,0.14,83.848,0,0,0,1
0.971,0.447,0.162,4.16e-06,0.083,-13.034,0.0343,0.407,96.569,0,0,0,1
0.877,0.658,0.125,0,0.287,-15.901,0.0323,0.507,106.686,0,0,0,1
0.932,0.514,0.0533,1.16e-05,0.113,-16.276,0.045,0.176,113.861,0,0,0,1
0.811,0.329,0.236,0.000469,0.115,-10.827,0.0345,0.346,177.139,0,0,0,1
0.922,0.675,0.0841,9.4e-06,0.11,-17.387,0.0363,0.212,114.064,0,0,0,1
0.753,0.601,0.538,0,0.0991,-5.993,0.0297,0.379,149.963,0,0,0,1
0.861,0.618,0.199,0.0626,0.144,-16.692,0.0306,0.621,90.982,0,0,0,1
0.742,0.627,0.307,0,0.106,-6.994,0.0313,0.471,104.669,0,0,0,1
0.811,0.412,0.241,0.392,0.114,-13.477,0.0295,0.374,100.979,0,0,0,1
0.845,0.471,0.273,0,0.12,-10.072,0.0324,0.188,138.683,0,0,0,1
0.832,0.592,0.426,0.0908,0.115,-15.107,0.0305,0.285,107.747,0,0,0,1
0.813,0.473,0.231,0,0.134,-11.466,0.0318,0.372,182.588,0,0,0,1
0.929,0.579,0.415,0.0018,0.671,-11.599,0.0397,0.42,102.713,0,0,0,1
0.827,0.546,0.32,0,0.321,-6.903,0.0321,0.53,88.216,0,0,0,1
0.799,0.35,0.353,0,0.155,-11.372,0.0354,0.326,83.079,0,0,0,1
0.87,0.628,0.192,0,0.11,-8.99,0.0289,0.255,106.834,0,0,0,1
0.712,0.379,0.325,0,0.0997,-5.862,0.0331,0.433,89.798,0,0,0,1
0.62,0.528,0.238,0,0.12,-9.613,0.0847,0.736,152.702,0,0,0,1
0.924,0.612,0.317,0.000463,0.104,-9.763,0.0318,0.494,78.197,0,0,0,1
0.856,0.664,0.177,0,0.136,-13.54,0.0335,0.29,105.008,0,0,0,1
0.714,0.581,0.378,0.000214,0.0916,-11.631,0.0269,0.268,76.028,0,0,0,1
0.873,0.637,0.263,0,0.164,-9.094,0.0399,0.487,97.423,0,0,0,1
0.979,0.434,0.0406,1.54e-05,0.113,-16.836,0.036,0.229,76.204,0,0,0,1
0.729,0.492,0.841,0.00027,0.101,-9.181,0.0904,0.313,177.869,0,0,0,1
0.908,0.563,0.204,0,0.139,-14.731,0.0332,0.437,102.883,0,0,0,1
0.919,0.474,0.248,0,0.0949,-10.582,0.0326,0.352,95.279,0,0,0,1
0.0425,0.493,0.4,1.47e-06,0.133,-8.117,0.0261,0.15,91.004,0,0,0,1
0.588,0.726,0.35,0,0.105,-11.075,0.113,0.652,75.098,0,0,0,1
0.108,0.625,0.432,0.00304,0.0995,-12.19,0.0313,0.538,98.002,0,0,0,1
0.917,0.621,0.213,0,0.0927,-13.484,0.0299,0.231,107.636,0,0,0,1
0.383,0.553,0.349,0.00108,0.112,-11.186,0.0329,0.378,91.037,0,0,0,1
0.639,0.353,0.263,3e-05,0.0907,-10.138,0.0407,0.24,84.581,0,0,0,1
0.962,0.424,0.437,0.336,0.664,-8.588,0.0355,0.131,174.127,0,0,0,1
0.89,0.623,0.276,0,0.146,-8.893,0.0287,0.308,99.623,0,0,0,1
0.633,0.625,0.432,0.00242,0.127,-11.948,0.0283,0.361,137.926,0,0,0,1
0.644,0.518,0.276,0.136,0.356,-15.953,0.038,0.108,75.263,0,0,0,1
0.931,0.36,0.0932,0.000747,0.0855,-19.422,0.0345,0.328,175.108,0,0,0,1
0.662,0.467,0.329,0.0445,0.096,-11.429,0.0295,0.362,108.777,0,0,0,1
0.726,0.488,0.341,6.77e-05,0.263,-8.582,0.0302,0.142,120.93,0,0,0,1
0.134,0.342,0.2,0.000153,0.341,-13.569,0.0324,0.0743,133.113,0,0,0,1
0.629,0.367,0.208,0.0584,0.106,-16.734,0.0363,0.663,172.358,0,0,0,1
0.829,0.422,0.272,8.22e-05,0.0825,-10.401,0.034,0.205,80.593,0,0,0,1
0.898,0.604,0.179,0.287,0.11,-15.847,0.0287,0.209,112.069,0,0,0,1
0.972,0.397,0.109,0.00313,0.108,-16.509,0.0398,0.221,75.511,0,0,0,1
0.939,0.414,0.12,6.75e-06,0.107,-10.898,0.0312,0.15,146.274,0,0,0,1
0.884,0.374,0.276,0.0123,0.122,-14.945,0.0353,0.412,80.169,0,0,0,1
0.841,0.592,0.296,0,0.0742,-9.331,0.0859,0.606,165.808,0,0,0,1
0.652,0.709,0.463,0,0.161,-9.231,0.028,0.405,109.948,0,0,0,1
0.539,0.375,0.261,0.0178,0.116,-11.312,0.0288,0.139,132.094,0,0,0,1
0.772,0.59,0.292,0.00424,0.162,-12.826,0.0325,0.34,143.986,0,0,0,1
0.726,0.59,0.337,0,0.161,-8.256,0.089,0.233,98.885,0,0,0,1
0.959,0.641,0.303,0.00252,0.0582,-12.443,0.0259,0.264,97.042,0,0,0,1
0.922,0.314,0.167,7.11e-05,0.109,-14.244,0.0325,0.272,81.501,0,0,0,1
0.721,0.641,0.415,0,0.154,-6.919,0.0249,0.465,92.971,0,0,0,1
0.451,0.375,0.546,0.000312,0.278,-8.16,0.0294,0.37,95.361,0,0,0,1
0.91,0.359,0.17,0.000238,0.11,-10.915,0.0308,0.178,137.062,0,0,0,1
0.945,0.443,0.255,3.4e-06,0.104,-8.742,0.0388,0.402,142.436,0,0,0,1
0.464,0.387,0.278,0.00527,0.102,-8.454,0.0318,0.0632,153.426,0,0,0,1
0.967,0.596,0.261,0.00454,0.112,-13.778,0.0335,0.62,125.329,0,0,0,1
0.743,0.738,0.423,7.96e-05,0.119,-8.192,0.0332,0.612,87.066,0,0,0,1
0.877,0.603,0.197,0.000892,0.103,-15.243,0.0295,0.375,98.995,0,0,0,1
0.581,0.491,0.333,0,0.0984,-10.004,0.029,0.2,107.969,0,0,0,1
0.908,0.606,0.196,0,0.348,-11.652,0.0553,0.391,100.873,0,0,0,1
0.871,0.485,0.279,0,0.102,-10.512,0.031,0.134,134.02,0,0,0,1
0.915,0.486,0.116,0.0519,0.129,-17.776,0.0315,0.461,94.397,0,0,0,1
0.658,0.468,0.197,0,0.109,-11.727,0.033,0.249,144.212,0,0,0,1
0.751,0.828,0.431,0,0.296,-7.901,0.0446,0.656,94.969,0,0,0,1
0.874,0.619,0.169,0,0.113,-10.63,0.0304,0.221,90.076,0,0,0,1
0.33,0.381,0.344,0,0.0973,-11.939,0.0311,0.208,109.289,0,0,0,1
0.876,0.527,0.283,0.000142,0.106,-11.962,0.0367,0.283,114.954,0,0,0,1
0.871,0.344,0.13,0.00979,0.111,-13.726,0.0533,0.0397,208.915,0,0,0,1
0.891,0.196,0.166,8.23e-06,0.112,-13.664,0.0331,0.158,78.472,0,0,0,1
0.89,0.401,0.119,0.0062,0.0715,-13.607,0.0372,0.317,84.664,0,0,0,1
0.976,0.55,0.0486,0,0.117,-19.179,0.0404,0.267,90.465,0,0,0,1
0.909,0.532,0.317,0.0277,0.11,-10.693,0.0309,0.28,140.671,0,0,0,1
0.879,0.497,0.348,0.796,0.722,-10.593,0.0285,0.227,82.176,0,0,0,1
0.826,0.39,0.406,0,0.0869,-5.784,0.0375,0.405,173.509,0,0,0,1
0.484,0.637,0.864,0,0.222,-4.381,0.0468,0.706,99.995,0,0,0,1
0.542,0.393,0.183,0.00564,0.113,-12.228,0.0329,0.258,135.477,0,0,0,1
0.047,0.595,0.723,0.0286,0.0995,-8.256,0.0349,0.272,108.043,0,0,0,1
0.447,0.643,0.44,0,0.129,-9.538,0.0241,0.391,100.084,0,0,0,1
0.827,0.737,0.297,0,0.0984,-7.177,0.0333,0.388,107.105,0,0,0,1
0.286,0.614,0.549,2.64e-06,0.142,-6.986,0.0516,0.258,77.926,0,0,0,1
0.844,0.627,0.153,0,0.108,-11.627,0.0326,0.365,135.922,0,0,0,1
0.764,0.756,0.281,0,0.111,-13.347,0.0327,0.194,101.957,0,0,0,1
0.912,0.396,0.198,0,0.0972,-9.096,0.031,0.19,138.624,0,0,0,1
0.224,0.477,0.712,8.36e-06,0.118,-6.759,0.0653,0.407,109.965,0,0,0,1
0.841,0.497,0.13,0,0.111,-15.571,0.0436,0.179,130.769,0,0,0,1
0.742,0.544,0.323,0,0.0924,-8.708,0.057,0.486,137.485,0,0,0,1
0.614,0.387,0.174,0,0.12,-14.765,0.0323,0.213,161.304,0,0,0,1
0.807,0.417,0.425,0.732,0.097,-10.99,0.032,0.506,88.272,0,0,0,1
0.846,0.619,0.299,4.99e-05,0.243,-7.744,0.0279,0.31,115.405,0,0,0,1
0.692,0.528,0.469,0,0.126,-6.484,0.0287,0.257,139.797,0,0,0,1
0.912,0.396,0.198,0,0.0972,-9.096,0.031,0.19,138.624,0,0,0,1
0.3,0.545,0.485,0.00137,0.119,-9.941,0.151,0.341,80.401,0,0,0,1
0.905,0.266,0.0596,7.07e-05,0.132,-18.515,0.0363,0.143,181.74,0,0,0,1
0.792,0.323,0.443,0,0.129,-9.004,0.0406,0.641,81.313,0,0,0,1
0.812,0.561,0.301,0,0.0966,-9.153,0.0301,0.157,104.27,0,0,0,1
0.804,0.518,0.299,0.000245,0.173,-10.953,0.0354,0.192,126.423,0,0,0,1
0.943,0.676,0.198,0.0132,0.104,-13.91,0.0333,0.125,118.004,0,0,0,1
0.616,0.584,0.285,0,0.101,-7.912,0.0315,0.517,81.856,0,0,0,1
0.925,0.443,0.0662,0.00986,0.0947,-17.907,0.0339,0.11,166.145,0,0,0,1
0.887,0.567,0.224,0,0.109,-10.024,0.0299,0.2,124.44,0,0,0,1
0.89,0.536,0.0403,0,0.127,-13.507,0.0462,0.521,175.734,0,0,0,1
0.614,0.49,0.49,0,0.111,-6.163,0.0371,0.386,200.188,0,0,0,1
0.933,0.553,0.391,0.00123,0.0993,-12.303,0.0315,0.242,105.989,0,0,0,1
0.934,0.511,0.145,2.64e-06,0.123,-9.827,0.0335,0.547,128.138,0,0,0,1
0.857,0.521,0.181,0,0.0938,-10.337,0.0405,0.343,84.056,0,0,0,1
0.645,0.329,0.326,4.79e-06,0.11,-8.657,0.0303,0.212,84.087,0,0,0,1
0.459,0.519,0.461,6.72e-06,0.0906,-5.719,0.0261,0.208,111.982,0,0,0,1
0.944,0.473,0.317,0.0124,0.11,-10.324,0.0318,0.132,139.899,0,0,0,1
0.884,0.708,0.302,0.0351,0.102,-13.582,0.0397,0.37,123.99,0,0,0,1
0.438,0.566,0.657,1.49e-05,0.0926,-6.146,0.0314,0.383,125.19,0,0,0,1
0.653,0.591,0.527,0.232,0.101,-9.378,0.0311,0.401,126.587,0,0,0,1
0.647,0.521,0.22,0.00814,0.179,-10.202,0.0314,0.135,104.03,0,0,0,1
0.791,0.706,0.349,0,0.108,-8.125,0.0302,0.624,94.058,0,0,0,1
0.945,0.413,0.272,0.0279,0.112,-11.568,0.0317,0.355,109.69,0,0,0,1
0.771,0.383,0.547,0.00216,0.0913,-9.899,0.0376,0.282,91.899,0,0,0,1
0.821,0.467,0.22,0.00613,0.11,-12.636,0.0327,0.332,119.188,0,0,0,1
0.66,0.29,0.261,0,0.155,-9.163,0.0277,0.0999,143.598,0,0,0,1
0.851,0.379,0.208,7.46e-05,0.0792,-12.333,0.0396,0.251,180.003,0,0,0,1
0.766,0.37,0.318,0,0.307,-6.524,0.0339,0.47,173.521,0,0,0,1
0.692,0.648,0.352,0.266,0.106,-10.11,0.0278,0.173,121.459,0,0,0,1
0.896,0.498,0.167,0.00428,0.136,-16.38,0.0282,0.352,85.35,0,0,0,1
0.646,0.714,0.243,0.212,0.11,-13.513,0.0478,0.504,125.834,0,0,0,1
0.872,0.326,0.221,0.0231,0.11,-13.303,0.0346,0.134,73.577,0,0,0,1
0.941,0.377,0.267,0.000155,0.0881,-13.29,0.0354,0.345,152.207,0,0,0,1
0.882,0.592,0.416,0.000586,0.112,-9.794,0.0246,0.417,96.002,0,0,0,1
0.988,0.542,0.155,0.0155,0.108,-12.924,0.0298,0.247,78.088,0,0,0,1
0.697,0.714,0.434,0,0.0919,-11.542,0.0396,0.352,123.942,0,0,0,1
0.974,0.552,0.15,0.731,0.0698,-16.746,0.0347,0.316,87.485,0,0,0,1
0.653,0.573,0.406,0.475,0.123,-11.946,0.0361,0.376,130.021,0,0,0,1
0.905,0.686,0.346,0.00254,0.108,-10.423,0.0233,0.239,102.001,0,0,0,1
0.87,0.602,0.319,0,0.111,-7.474,0.0346,0.287,129.751,0,0,0,1
0.913,0.331,0.245,0,0.134,-11.492,0.03,0.162,142.782,0,0,0,1
0.833,0.689,0.299,0,0.115,-9.431,0.0301,0.52,96.825,0,0,0,1
0.614,0.629,0.585,0.0725,0.129,-8.563,0.0269,0.523,102.984,0,0,0,1
0.662,0.41,0.44,0.0014,0.0663,-8.616,0.0307,0.304,98.097,0,0,0,1
0.127,0.607,0.589,0,0.182,-6.068,0.0274,0.399,114.946,0,0,0,1
0.558,0.334,0.397,0.0781,0.126,-7.993,0.0283,0.0351,92.291,0,0,0,1
0.84,0.505,0.227,0,0.39,-12.232,0.163,0.572,86.947,0,0,0,1
0.687,0.602,0.506,0.0263,0.177,-9.046,0.0273,0.312,126.962,0,0,0,1
0.91,0.475,0.31,0.195,0.111,-13.505,0.0296,0.435,142.664,0,0,0,1
0.642,0.641,0.582,0.0393,0.0876,-9.085,0.0335,0.384,96.415,0,0,0,1
0.872,0.502,0.413,0,0.213,-7.373,0.039,0.474,175.507,0,0,0,1
0.951,0.415,0.11,0.00234,0.0962,-14.901,0.0388,0.234,81.876,0,0,0,1
0.824,0.629,0.208,3.7e-06,0.107,-16.225,0.0324,0.685,96.609,0,0,0,1
0.976,0.599,0.195,5.41e-06,0.0947,-11.527,0.0355,0.308,124.858,0,0,0,1
0.759,0.39,0.207,0,0.095,-12.147,0.0371,0.391,91.025,0,0,0,1
0.854,0.65,0.23,0.000233,0.3,-12.163,0.0306,0.154,90.19,0,0,0,1
0.939,0.629,0.23,0.00123,0.123,-12.604,0.0364,0.62,117.177,0,0,0,1
0.905,0.576,0.302,2.42e-05,0.113,-12.437,0.0424,0.224,76.033,0,0,0,1
0.768,0.639,0.381,2.25e-06,0.214,-9.428,0.0321,0.489,89.897,0,0,0,1
0.746,0.313,0.321,0,0.0948,-8.713,0.0352,0.244,53.845,0,0,0,1
0.864,0.623,0.236,0,0.148,-12.303,0.0368,0.349,109.708,0,0,0,1
0.71,0.45,0.324,0.000679,0.176,-11.234,0.037,0.354,179.133,0,0,0,1
0.969,0.546,0.28,0.00136,0.115,-10.542,0.0294,0.413,145.739,0,0,0,1
0.807,0.65,0.377,0.0487,0.11,-12.626,0.0275,0.288,129.028,0,0,0,1
0.766,0.624,0.255,0.212,0.117,-13.415,0.0296,0.251,112.128,0,0,0,1
0.837,0.684,0.341,2.69e-05,0.0883,-9.497,0.0272,0.557,75.948,0,0,0,1
0.695,0.45,0.206,0,0.119,-13.414,0.0298,0.248,75.932,0,0,0,1
0.908,0.569,0.184,0,0.114,-12.842,0.0584,0.309,110.916,0,0,0,1
0.664,0.715,0.536,1.76e-06,0.277,-10.498,0.0285,0.684,118.091,0,0,0,1
0.626,0.466,0.496,6.22e-06,0.117,-6.606,0.0302,0.352,74.747,0,0,0,1
0.462,0.555,0.43,0.000191,0.0869,-9.105,0.0295,0.274,147.613,0,0,0,1
0.851,0.498,0.12,0,0.171,-17.721,0.0487,0.338,121.187,0,0,0,1
0.82,0.372,0.444,7.28e-05,0.141,-9.036,0.0295,0.357,162.3,0,0,0,1
0.839,0.562,0.146,0.000108,0.107,-13.416,0.0306,0.206,114.461,0,0,0,1
0.887,0.567,0.224,0,0.109,-10.024,0.0299,0.2,124.44,0,0,0,1
0.693,0.274,0.41,0,0.109,-4.52,0.0358,0.337,55.605,0,0,0,1
0.881,0.357,0.394,0,0.113,-7.901,0.0402,0.488,205.416,0,0,0,1
0.902,0.471,0.174,0,0.215,-12.706,0.0326,0.347,169.776,0,0,0,1
0.617,0.561,0.652,0.00194,0.183,-11.094,0.0375,0.469,88.431,0,0,0,1
0.947,0.482,0.183,0.0099,0.108,-15.931,0.0364,0.16,139.863,0,0,0,1
0.385,0.711,0.413,0.000587,0.132,-9.332,0.0292,0.479,131.012,0,0,0,1
0.775,0.405,0.318,0,0.0821,-7.373,0.0331,0.576,199.998,0,0,0,1
0.705,0.564,0.356,0.0569,0.135,-14.839,0.0267,0.519,106.06,0,0,0,1
0.866,0.58,0.193,0.00375,0.0788,-12.144,0.0285,0.339,141.938,0,0,0,1
0.78,0.63,0.292,0,0.165,-6.974,0.0305,0.389,122.962,0,0,0,1
0.903,0.515,0.236,0.645,0.707,-17.987,0.0304,0.314,87.539,0,0,0,1
0.831,0.424,0.264,7.08e-05,0.0763,-9.984,0.0298,0.169,139.593,0,0,0,1
0.922,0.596,0.342,0,0.107,-7.917,0.0333,0.229,139.577,0,0,0,1
0.607,0.614,0.379,0.000464,0.0986,-10.48,0.0476,0.201,107.989,0,0,0,1
0.866,0.463,0.195,1.66e-05,0.112,-12.094,0.0459,0.395,176.102,0,0,0,1
0.825,0.35,0.34,1.01e-05,0.104,-8.841,0.0277,0.293,75.999,0,0,0,1
0.863,0.786,0.123,0,0.103,-12.659,0.0391,0.316,122.936,0,0,0,1
0.855,0.803,0.309,0,0.105,-8.325,0.0401,0.733,132.826,0,0,0,1
0.961,0.398,0.151,0.0425,0.0923,-14.402,0.0341,0.0745,107.072,0,0,0,1
0.962,0.639,0.149,0.000814,0.233,-12.497,0.0471,0.449,79.294,0,0,0,1
0.93,0.57,0.186,0,0.115,-10.603,0.0318,0.319,76.45,0,0,0,1
0.761,0.589,0.467,0,0.0847,-8.179,0.031,0.571,165.908,0,0,0,1
0.876,0.499,0.406,0.00767,0.0994,-13.85,0.0336,0.334,90.91,0,0,0,1
0.92,0.516,0.166,0.0232,0.0995,-17.147,0.042,0.329,140.548,0,0,0,1
0.18,0.558,0.417,4.05e-05,0.138,-8.38,0.0263,0.316,137.845,0,0,0,1
0.598,0.779,0.552,0,0.23,-7.283,0.042,0.78,117.033,0,0,0,1
0.629,0.692,0.333,0,0.176,-7.858,0.029,0.316,110.108,0,0,0,1
0.897,0.604,0.11,0,0.118,-12.46,0.044,0.411,142.812,0,0,0,1
0.728,0.505,0.341,6.96e-05,0.122,-13.863,0.0338,0.0593,95.419,0,0,0,1
0.862,0.611,0.33,0,0.18,-11.475,0.0504,0.418,150.075,0,0,0,1
0.939,0.446,0.118,0,0.105,-15.478,0.045,0.275,82.887,0,0,0,1
0.502,0.735,0.686,0,0.101,-4.476,0.0329,0.961,93.918,0,0,0,1
0.555,0.524,0.696,0.00813,0.129,-9.772,0.0339,0.14,98.796,0,0,0,1
0.856,0.316,0.413,0.00245,0.143,-12.216,0.0334,0.245,155.69,0,0,0,1
0.961,0.458,0.256,0.000309,0.0951,-13.301,0.0308,0.317,140.617,0,0,0,1
0.926,0.354,0.262,0.000415,0.153,-11.502,0.0301,0.569,179.234,0,0,0,1
0.891,0.668,0.367,0.00521,0.103,-11.002,0.0285,0.342,110.21,0,0,0,1
0.891,0.554,0.226,0.0321,0.107,-11.323,0.0281,0.229,104.005,0,0,0,1
0.921,0.54,0.178,0.377,0.106,-14.33,0.0308,0.145,139.941,0,0,0,1
0.95,0.37,0.174,0.0029,0.11,-19.316,0.0377,0.181,92.75,0,0,0,1
0.542,0.639,0.458,0,0.0964,-8.183,0.0519,0.412,83.967,0,0,0,1
0.954,0.353,0.239,3.68e-05,0.131,-11.059,0.0296,0.159,95.136,0,0,0,1
0.201,0.49,0.576,1.44e-06,0.0909,-5.648,0.029,0.449,114.963,0,0,0,1
0.777,0.691,0.234,0,0.12,-6.441,0.0285,0.209,87.103,0,0,0,1
0.901,0.379,0.194,1.19e-05,0.139,-12.644,0.0438,0.436,170.097,0,0,0,1
